customer_id,customer_name,contact_name,address_line1,address_line2,city,state,zip_code,phone,email,region,industry_code,segment,customer_type,credit_limit,credit_used,payment_terms,credit_status,account_status,created_date,updated_date,updated_time,updated_by
100000,Figueroa and Sons,Noah Rhodes,600 Jeffery Parkways,,New Jamesside,MT,29394,9402654235,howardmaurice@roman-blair.net,MW,RET,S,R,8358.0,,,2,0,2005-12-20,,,TH
100001,Calderon-Montgomery,Laura Bush,341 Michelle Light,,Shawnstad,GA,49021,3419283276,megan03@trujillo.com,NE,HOS,M,R,96426.0,,,0,0,2023-12-01,,,TH
100002,"Edwards, Rios and Foster",Judy Baker,884 Hurst Locks,,Jeffreyberg,NY,65187,122691669,frazierdanny@potter.com,SW,TRN,S,R,12055.0,,,1,1,1925-12-30,2014-09-21,,NSON
100003,"Baker, Mason and White",Sheila Evans,52880 Burns Creek,,Natashaport,IA,08093,9117182278,ibrandt@vaughn.com,NE,PRO,S,R,17403.0,,,2,1,2015-12-31,,,EM
100004,Brown Inc,Crystal Robinson,031 Michele Cliffs,,West Elizabeth,IL,71179,9973763116,dshields@valdez.com,SE,HLT,T,R,4733.0,,,0,0,,,,TH
100005,"West, Henderson and Ramirez",Thomas Ramos,80132 Tucker Forest,,Barreraburgh,MS,00783,4746872343,adkinsbrian@woods.com,MW,TEC,M,R,52460.0,,,0,1,,1931-07-04,,TH
100006,"Jones, Hensley and Powell",Laura Riley,169 Donovan Ford,,Johnfurt,DC,88540,7510799118,sarahibarra@wood.info,SE,TEC,S,R,13845.0,,,0,1,,,,TH
100007,"Rice, Contreras and Spencer",Ashley Humphrey,18244 Jennifer Ford Suite 874,,North Cynthiaview,AZ,00965,2427868011,brandi26@williams.com,MW,FIN,M,R,52653.0,,,1,1,,,,H
100008,Gomez PLC,Jennifer Oliver,22602 Patton Loop,,West Erik,UT,14669,733754330,michelle45@hicks.com,SE,HOS,S,R,24155.0,,,0,1,,1902-12-28,,SON
100009,Carpenter LLC,Kyle Reed,9816 Jonathan Station Suite 088,,West Ryan,TN,43780,1484656482,christinaturner@bass.org,SW,HLT,T,R,2796.0,,,2,1,,,,WN
100010,"Lewis, Kennedy and Santana",Carolyn Miller,34332 Brandon Mountains Apt. 769,,Lake Heather,NM,52884,2016328708,lauriecontreras@larson.org,WE,PRO,S,R,23128.0,,,1,0,,2006-12-31,,EM
100011,"Griffin, Moore and Hensley",Paul Larsen,734 Jones Heights Apt. 455,Apt. 223,Bensonborough,CA,54878,5876036690,benderkenneth@castaneda-ashley.biz,MW,HLT,S,R,10182.0,,,1,0,2006-12-30,2008-02-03,,H
100012,Freeman LLC,Allen Rogers,272 Rebecca Ramp Apt. 162,,Whiteview,MS,43407,7556464170,debraharrington@williams.com,SE,HOS,M,G,64117.0,,,2,0,,,,EM
100013,Elliott and Sons,David Wood,41904 Sanders Stravenue,Apt. 193,Lake Kendraville,WY,74678,5865185067,bzimmerman@gross.com,NE,ENR,T,R,1319.0,,,1,0,2023-12-30,2005-06-30,,NSON
100014,Graham-Simon,Samuel Rivas,7379 Rogers Park,,Hunterborough,MI,34363,4948083136,fbrewer@mcguire-davis.com,WE,HLT,M,R,88699.0,,,2,0,2020-12-30,,,SON
100015,Kennedy-Schmidt,Patrick Rivera,4431 Leslie Summit Apt. 337,,Jennyhaven,PA,37594,3435240824,heidi27@salas.com,WE,TEC,M,R,80461.0,,,2,0,2029-12-30,,,H
100016,King Group,Austin Vasquez,29413 Angela Mall,,Port Alexandra,NV,58529,9649909133,glennjones@ortiz.org,MW,PRO,M,R,84177.0,,,0,1,1907-12-21,,,TH
100017,Warner-Gibson,Tammy French,1832 Serrano Cliffs,,East Laurashire,PW,38329,1746488771,cassandra01@hayden.org,SE,MFG,S,R,6929.0,,,1,0,,1921-08-28,,NSON
100018,Johnston-Hines,Joseph Ramos,96717 Ortiz Islands Apt. 256,,Robertsfurt,GU,72603,7154516808,aprildean@garrett-wolf.com,SW,RET,E,R,479245.0,,,2,0,2007-12-21,,,WN
100019,"Washington, Johnson and Mccoy",Michelle Collins,613 Steven Crest,,South Sarah,LA,67199,6773782639,kendra65@adams.org,NE,FIN,S,R,18470.0,,,1,0,2019-12-30,,,H
100020,Ryan-Reed,Kimberly Gibson,39636 Louis Mountains Suite 627,,East Wayneshire,MA,13655,1870262174,christianmelissa@james.info,SW,TRN,T,R,2790.0,,,2,0,,,,SON
100021,"Cohen, Mitchell and Perez",William Hodges,2400 Flynn Hill,,Nicholasberg,IA,70122,9222196937,dlittle@estrada-nolan.info,SE,HLT,S,R,23033.0,,,0,0,,,,TH
100022,Landry-Huerta,Victor Vaughn,3671 Patrick Knolls Suite 406,Suite 090,Wallport,WI,30663,3394210470,browningmark@thompson-anderson.net,SE,TEC,T,R,8886.0,,,0,0,,,,SON
100023,Rivas-Scott,Karen Drake,71236 Davis Locks Apt. 481,Suite 549,Carsonstad,CT,88953,7098593174,shahkevin@wilson-young.net,MW,PRO,M,R,97845.0,,,1,0,2020-12-20,,,TH
100024,"Horton, Fernandez and Matthews",Stacey Pena,640 Robinson Mills Apt. 515,,Bruceview,ID,16512,1390053293,lisahall@kramer.com,MW,MFG,S,R,20623.0,,,2,0,2005-12-21,,,SON
100025,"King, Thompson and Guerrero",Adrian Tyler,502 Williams Streets,,Foxland,NJ,59257,8917839084,bboone@rodriguez.com,SE,FIN,E,R,398673.0,,,2,1,2019-12-30,,,TH
100026,"Schultz, Kelley and Nguyen",Kerry Chavez DDS,183 Hayes Forks,,Morganmouth,MO,55025,5654527111,lisa80@frye.biz,WE,TRN,S,G,11693.0,,,0,0,2010-12-20,,,H
100027,"Williams, Roberts and Edwards",Jordan Moore,15851 Andrews Valley Suite 899,,New Sarahview,AK,24148,4550229612,nicholaschavez@wood.com,NE,MFG,S,R,23448.0,,,2,0,,,,NSON
100028,Moore PLC,Brad Ramos,9764 Kari Crescent Suite 614,,Roseport,AZ,29404,9003432445,ythompson@padilla.com,NE,RET,M,R,45676.0,,,0,0,2029-12-01,,,EM
100029,Stevens Inc,Laura Berry,1605 Laurie River Suite 516,Apt. 369,Warrenfurt,VI,41169,3521818835,thomasjames@hernandez.info,WE,MFG,T,R,5905.0,,,0,0,2018-12-20,,,TH
100030,"Glass, Cunningham and Reid",Sharon Burton,1774 Vargas Knoll,Apt. 477,North Miguelport,CA,84998,9986798079,dmason@garcia-nolan.com,SE,CON,T,R,4450.0,,,1,1,,,,NSON
100031,Wright Group,Kelly Bishop MD,6590 Jones Court Suite 449,,West Christopher,TN,19038,4629148652,andrew42@peterson.com,NE,HLT,S,R,14066.0,,,2,0,2012-12-20,,,H
100032,Romero PLC,Sophia Johnson,296 Francis Village Apt. 706,,Ericabury,NV,80532,7383473597,mburch@taylor.com,SW,HOS,T,R,1158.0,,,0,0,2022-12-21,2025-02-26,,SON
100033,Mitchell and Sons,Taylor Hernandez,37506 Randy Landing Apt. 615,Apt. 051,Laceyberg,AZ,38102,2779010432,srodriguez@turner.com,WE,HOS,S,R,9176.0,,,2,0,2030-12-30,,,TH
100034,Copeland Group,Alexis Robertson,246 Christina Garden,,Lopezland,NC,47766,8888806706,kristina53@sandoval.com,SE,HLT,T,R,7658.0,,,1,0,2007-12-11,2023-04-08,,SON
100035,"Thompson, Maxwell and Marshall",Lynn Cain,704 Bradley Flats,Apt. 548,Haysside,NJ,33703,3450541566,tylerjimenez@adams.biz,SW,MFG,T,R,6442.0,,,1,0,2010-12-30,2026-02-15,,SON
100036,Garcia-Murphy,Jeremy Robbins,757 Jessica Knoll,Suite 401,Coxburgh,AK,19215,213556909,scott19@moreno.com,NE,FIN,M,R,86694.0,,,1,1,1903-12-31,,,NSON
100037,"Lopez, Holmes and Mcintyre",Reginald Padilla,473 Derek Cliffs,Suite 271,Elizabethland,OH,71564,4225831323,tanner82@henson.info,SE,RET,M,R,50313.0,,,0,0,2028-12-21,,,NSON
100038,Martinez LLC,Joanna Frazier,89226 Marie Path Apt. 422,,Sarahbury,MI,68513,1438424981,georgeweber@morgan.com,WE,TRN,M,G,40118.0,,,2,0,2008-12-20,,,NSON
100039,Curtis-Wang,Mark Jimenez,473 Evans Cliffs Apt. 276,,Marshallmouth,PA,19331,5562588153,gwright@roberts.org,MW,TRN,E,R,368132.0,,,2,0,2017-12-30,2021-04-11,,NSON
100040,Peck-Griffith,Christopher Ferrell,4701 Wagner Garden Apt. 950,,West Troyfort,LA,70846,1624565060,angela16@cole.org,WE,HOS,E,R,488995.0,,,2,0,,,,TH
100041,Brooks-Hatfield,Holly Thomas,000 Jennifer Unions Suite 872,Apt. 595,South Vicki,WA,39722,8887947055,laura09@baker-rios.org,WE,TRN,T,R,3041.0,,,2,1,,,,NSON
100042,Warren Ltd,Sarah Hernandez,91307 Barnes Loop,,South Warren,RI,62315,2838578652,erica49@lee-wright.net,SE,RET,S,R,17423.0,,,1,1,2010-12-21,,,EM
100043,Bush-Vaughn,John Castro DVM,1986 Cardenas Trail Apt. 404,,West Sandraview,WA,63294,3848421993,danawilliams@rivera-kennedy.com,SE,FIN,S,R,24879.0,,,2,1,2014-12-21,2017-07-01,,SON
100044,Delgado-Gilmore,Matthew Avila,4019 Amanda Stream Apt. 262,Apt. 672,Nancytown,ME,74944,5478872874,jessicawong@lopez.org,SE,HLT,S,R,15983.0,,,2,1,,,,H
100045,"Prince, Wilcox and Robertson",Michael Lopez,5304 Young Terrace,Suite 549,West Desireebury,AR,88029,7426841459,vhernandez@brooks.net,SE,MFG,M,R,87277.0,,,1,1,,,,EM
100046,"Fischer, Marks and Miller",Michael Miller,88398 Franklin Walk,,Wilsonborough,VT,76935,1870728679,jennifer64@reese.com,SW,FIN,M,R,25726.0,,,2,0,2007-12-20,,,H
100047,Michael Inc,Mrs. Donna White,656 Kane Lane,,Millerside,DC,86161,1286823004,pmorrow@reed-hill.com,SE,HLT,S,R,20225.0,,,0,0,,2031-03-08,,EM
100048,Allen Inc,Andrew Harper,06738 Karen Trail,Apt. 284,Port Sabrina,OK,42300,3428364408,wwilliams@powers.biz,SW,HOS,S,R,10215.0,,,1,1,2011-12-30,,,H
100049,"Wells, Atkinson and Turner",Renee Melendez,8826 Jonathan Isle Apt. 751,Apt. 046,Port Charlesshire,VA,88509,7354033173,andrearowe@owens-wong.com,SW,RET,M,R,35155.0,,,0,1,1906-12-11,,,EM
100050,Lang Ltd,Ryan Rocha,6093 Allen Plaza Suite 423,,Jerryshire,MP,32709,8547772522,warrenmary@landry.com,SW,TEC,E,R,133674.0,,,1,0,,2015-02-08,,WN
100051,Jones and Sons,Jonathan Brooks,700 Smith Pines Suite 840,Suite 211,East James,NC,33585,4615679334,jgray@brown-smith.com,SW,ENR,E,G,110240.0,,,2,0,2027-12-21,,,NSON
100052,Knight-Hodge,Joseph Williams,974 Sandra Spur,,Rachelshire,TN,04813,5039261429,patrick21@mcgee.com,SW,HOS,M,R,96582.0,,,2,0,,,,WN
100053,"Sanders, Ayala and Johnson",Willie Henry,662 Miller River Suite 311,,Ericberg,WA,51569,5110475412,ghawkins@garcia-davis.net,SW,TEC,E,R,166913.0,,,2,0,2015-12-20,,,EM
100054,Smith-Gutierrez,Misty Hansen,826 Dominic Hollow,,Trevorland,GA,57474,6471543799,kevinrush@skinner-james.com,SW,TEC,S,R,10954.0,,,1,0,2024-12-21,,,WN
100055,"Mccann, Taylor and Flores",Christina Edwards,4793 Bennett Viaduct Suite 519,Apt. 982,Lake Stevenborough,NV,38686,6724342661,sferguson@stephens-gibbs.com,SW,CON,M,R,80255.0,,,2,0,,2004-04-25,,H
100056,Rodriguez and Sons,Heather Holland,656 Alex Green,Apt. 888,South Neil,NH,89571,5071461125,adrianabailey@kim.info,MW,RET,S,R,6319.0,,,1,1,2020-12-21,,,TH
100057,Johnson LLC,Megan Martin,282 Castro Mountain,,Port Richard,HI,24931,6093796603,lloydamanda@nguyen-ellis.com,SW,HLT,S,R,12142.0,,,2,0,,2003-11-30,,SON
100058,Harper-Carr,Hannah Bruce,499 Emily Island,Apt. 341,West Heather,NY,51417,9296627828,jacobwilkinson@brown.com,NE,TEC,S,G,8542.0,,,2,1,2027-12-30,,,WN
100059,"Simpson, Cohen and Perry",Katherine Miller,40438 Jackson Mount,Suite 881,West Kimberlystad,ND,99694,7836134074,rowejoel@matthews.biz,NE,ENR,M,R,56830.0,,,1,1,1919-12-20,,,H
100060,Trujillo PLC,Douglas Ryan,449 Farley Passage Apt. 260,,Michelleberg,UT,17893,2536729466,rrobertson@mayer.com,WE,MFG,S,R,19037.0,,,0,1,1929-12-30,,,TH
100061,Simon Group,Melissa Horn,63745 Morgan Ports Apt. 975,Apt. 017,North Sarahburgh,NV,60337,6324241541,ugarrett@fischer.com,NE,FIN,S,G,20064.0,,,2,0,2001-12-20,,,H
100062,Stone Group,Michael Montoya,271 Patrick Street Apt. 155,Suite 262,North Alyssa,AL,80496,7532697311,bbell@moody-wright.com,WE,PRO,M,R,60179.0,,,0,0,2016-12-10,,,TH
100063,Maxwell-Vaughn,Mary Turner,640 Troy Creek,,South Danielle,CA,69744,5526965827,smithjason@fry.net,SW,ENR,M,R,74674.0,,,2,0,2028-12-30,,,SON
100064,Miles-Miller,Lisa Ramirez,83285 Willis Track Apt. 463,,East Christopherchester,DE,59925,4210202758,david41@rogers.com,MW,TRN,S,R,24534.0,,,2,0,2013-12-30,,,SON
100065,"Jones, Gibson and Ward",Mr. Jacob Scott Jr.,80003 Thomas Lights,Apt. 208,Walkerbury,MT,94910,4195180238,xcline@murphy-tran.com,SW,HOS,E,R,462078.0,,,2,1,2007-12-30,,,TH
100066,"Dean, Marshall and Vargas",Raymond Gonzalez DVM,06038 Fields Square,,West Aaronfurt,PR,97242,1383670241,xhaynes@villegas-miller.com,SE,CON,E,R,293472.0,,,2,0,2030-12-30,,,H
100067,"Bradley, Graham and Brandt",Dean Edwards,557 Hall Flats Apt. 912,,East Shannonmouth,MT,16326,3747411249,christopherwright@foster-williams.com,SW,CON,S,R,12554.0,,,1,0,2005-12-20,,,H
100068,Bond-Hawkins,Anna Garcia,00323 Watson Roads,Apt. 994,North Wendyborough,MH,85171,2151070296,lvega@lewis-lopez.com,SE,RET,S,R,20866.0,,,0,0,2007-12-20,,,EM
100069,"Sanchez, Phillips and Jenkins",Amy Ramirez,3838 Veronica Tunnel,Suite 787,Robertahaven,MD,51406,2059304078,craigsandoval@ferguson-moody.com,SE,CON,S,R,10879.0,,,1,1,,2011-01-31,,NSON
100070,Kelly-Combs,Casey Watkins,059 Anna Field Suite 842,,Johnsonton,IN,79362,870593252,brendastark@mathis.com,MW,TEC,E,R,494679.0,,,1,1,2002-12-30,,,NSON
100071,Rogers LLC,Christopher Fry,528 Walker Radial Apt. 644,,East Jessica,UT,75583,9029593917,michaelflores@mcclure.com,SE,MFG,S,R,20654.0,,,1,0,2006-12-21,,,TH
100072,Bell Inc,Amber Kim,67658 Garcia Neck Apt. 271,,West Andrewview,CT,10226,2621815997,gmoore@harris-lee.net,SE,TEC,S,R,14956.0,,,0,1,2011-12-31,,,WN
100073,Evans-Davis,Joshua Henry,0614 Gonzalez Burg,Apt. 241,Anthonyport,WY,52597,7418625652,omarshall@elliott-hernandez.com,SE,HOS,S,R,19507.0,,,0,1,2027-12-10,,,NSON
100074,"Perez, Brown and Hughes",Tracie Mcdaniel,374 Ralph Walk Apt. 898,,North Stacy,NV,23160,3320616329,hughesray@gates-stone.com,NE,RET,S,R,13671.0,,,1,0,,,,TH
100075,Rodriguez-Hernandez,Lauren Hanna,91485 Baker Shoal,,Armstrongfort,AZ,23071,6299606530,morganlaura@ramirez-vasquez.com,WE,PRO,M,R,55340.0,,,1,0,,,,WN
100076,"Ramos, Petersen and Adams",Matthew Lopez,7850 Cameron Station,,Taylorhaven,FM,75038,2330307053,hreid@johnson.com,MW,ENR,E,R,203714.0,,,1,0,,,,SON
100077,Martin-Kline,Melissa Mitchell,29333 Joseph Lodge Apt. 072,Apt. 903,Charleneport,VT,93479,6657437489,hunteileen@hoffman-wheeler.com,NE,MFG,T,R,6039.0,,,1,1,1909-12-20,,,NSON
100078,Davidson-Hensley,Michael Stafford,28309 Guerrero Springs Apt. 074,Suite 666,New Jeanshire,GU,25393,3875842824,jessica82@lam.com,WE,HOS,S,R,7635.0,,,0,0,2008-12-31,,,EM
100079,Watson-Richards,Bruce Brown,3816 Gutierrez Ways,,East Victoria,MA,54134,2521752500,barbaramoore@anderson.biz,WE,ENR,M,G,60325.0,,,2,0,2003-12-30,2017-08-03,,EM
100080,Ferguson Ltd,Adrian Morris,03354 Curtis Parkway,Suite 210,Stacymouth,VA,68696,6257532603,lawrencegary@dawson-conner.biz,SE,ENR,S,R,21112.0,,,1,0,,,,NSON
100081,Wheeler Inc,Martha Smith,7618 Wells Drives,Apt. 046,Lake Abigailberg,MT,14252,4117393483,benjamincrawford@watts.com,MW,FIN,S,R,14444.0,,,1,0,2022-12-20,,,WN
100082,Conley Ltd,Travis Chan Jr.,3744 Williams Via,,Port Benjamin,LA,47715,6110022557,lisa21@ross-bryant.biz,NE,FIN,E,R,100603.0,,,0,0,2004-12-30,,,TH
100083,Wilson Ltd,Vicki Richard,9797 Cheryl Tunnel,,Cherylberg,NJ,64480,6701450899,reynoldsjessica@reed-rhodes.biz,SW,PRO,M,R,51680.0,,,1,0,2001-12-11,,,WN
100084,"Brown, Schneider and Moore",Sarah Booth,5354 William Plaza,,Powellbury,CO,60675,9717751701,petersenlatoya@walsh.info,NE,ENR,T,R,3594.0,,,2,0,,,,TH
100085,Richard LLC,Lisa Kennedy,711 Aaron Knoll Suite 885,Apt. 027,Port Jennifer,VA,54137,4933163735,bartonshannon@lawrence.com,NE,PRO,M,G,45181.0,,,0,0,2030-12-21,,,H
100086,"Webb, Romero and Morse",Kenneth Cross,69958 Barnes Rest,Apt. 465,Shawnberg,DC,54600,8583339452,jennifer58@aguilar-bender.biz,SW,RET,M,R,43958.0,,,2,1,,,,H
100087,Stokes-Mills,Charles Santiago,2442 Hannah Hill,Apt. 805,Garciaside,VI,29901,3840666580,ogreer@mckinney.org,MW,FIN,T,R,9318.0,,,1,0,2021-12-20,,,NSON
100088,Thompson-Fleming,Christopher Palmer,64842 Brandy Glens Apt. 572,,East Sarahton,WI,82469,7985158328,zdaniels@bailey.com,SW,TEC,S,R,20870.0,,,0,1,1916-12-20,2008-07-25,,WN
100089,"Moreno, Barajas and Colon",Mrs. Maureen Griffin,56164 Johnson Path,,Williehaven,NV,64307,4358112880,nhouston@poole.biz,SE,RET,S,R,12653.0,,,2,1,,,,H
100090,Johnson Ltd,Brandon Brown,193 Russell Mission Suite 650,,Nunezside,AL,84573,9015814491,bshort@moore-robinson.biz,SE,PRO,T,G,3068.0,,,2,0,,2014-04-24,,WN
100091,"Thomas, Byrd and Sloan",Monica Brooks,821 Adam Ranch,Suite 881,Jasonstad,IL,54588,2239431290,robertscarlos@gonzalez.info,NE,TEC,E,R,443293.0,,,1,0,,1922-09-05,,NSON
100092,Garcia PLC,Corey Tucker,492 Aguirre Meadow Apt. 053,,Lake Jodi,NE,36765,2577754781,michele28@baker.com,NE,TRN,M,R,94942.0,,,2,0,,2017-06-17,,WN
100093,"Johnson, Perkins and Sullivan",Susan Arnold,256 Patricia Radial Suite 278,,South Michaeltown,TN,31811,8272299275,bryanwood@barnett.com,NE,RET,T,R,5708.0,,,2,0,2003-12-30,2010-02-22,,TH
100094,Hooper LLC,Warren Schultz,498 Nicholas Lane Suite 918,Suite 638,Gomezstad,NM,63692,8272318432,guerrerorobert@cortez-olson.info,NE,PRO,S,R,14812.0,,,2,0,2004-12-31,,,NSON
100095,Johnson-Williams,Candace Soto,202 Nielsen Path,,Greeneshire,SC,02941,1379772369,gary57@garza.com,SE,HOS,M,R,48600.0,,,2,0,2013-12-20,,,WN
100096,"Barnes, Hernandez and Davis",Lucas Williams,72980 Boyd Land,,Lake Alyssabury,AS,63693,5991624731,ascott@manning.net,WE,TEC,S,R,13322.0,,,2,1,1902-12-21,,,WN
100097,Ortiz-Rodriguez,Kevin Green,594 Fischer Loop Suite 258,,Kingport,OK,45636,2137213865,paulfields@morrow.org,SE,HLT,T,R,6661.0,,,2,0,2022-12-30,,,NSON
100098,Lynch Ltd,William Mendez,902 Gonzales Flats Suite 309,,New Gavin,AZ,47652,214656693,dunnjessica@herman.com,SW,PRO,S,R,17496.0,,,0,1,2013-12-11,,,NSON
100099,Andrews-Green,Brian Jones,1848 Benson Lane Suite 357,Suite 907,West Carlosbury,TX,92405,5658804341,thomasgomez@adams.com,SW,CON,E,R,459556.0,,,1,0,2004-12-30,2001-04-30,,H
100100,Clark-Harris,Luke Moore,17908 Melanie Landing,Suite 794,Whitehaven,KY,52651,9208678085,wolfesteve@smith.com,MW,RET,S,R,16544.0,,,2,0,2011-12-30,,,H
100101,"Baker, Adams and Mullen",Clinton Coleman,556 Hayes Ports Apt. 931,Suite 386,Gonzalezberg,NJ,01777,6728857448,vaughnbrian@woods-soto.info,SE,HLT,S,G,6291.0,,,0,1,2021-12-31,2021-07-08,,NSON
100102,"Frederick, Scott and Smith",Sean Mccarty,982 Kelly Spring,,Hamptonmouth,FM,10778,9472256996,jeremy54@adams.info,MW,TRN,S,R,10755.0,,,1,0,,,,NSON
100103,"Sheppard, Gutierrez and White",Nicholas Stanley,26111 Kelley Burg,Suite 811,Christineland,SD,51598,3347228200,iproctor@dunn-taylor.net,SE,CON,S,G,20789.0,,,2,0,2023-12-21,,,TH
100104,"Wiley, Graham and Bowman",Susan Olson,74564 Kevin Alley,,West Justin,ND,01591,7406493085,kfoster@mclaughlin.com,SE,FIN,S,G,23262.0,,,1,1,2028-12-20,,,NSON
100105,"Aguirre, Cohen and Mitchell",Rhonda Gutierrez,24179 Nelson Road,,Lopeztown,FL,07006,2144270312,robert75@terry-johnson.com,MW,ENR,S,R,17172.0,,,1,0,,,,EM
100106,Jones-Harrison,Ryan Roth,36730 Steven Trail,,New Elizabethborough,NJ,51504,5208814743,youngryan@jackson.org,WE,RET,T,R,8606.0,,,0,0,2001-12-01,,,TH
100107,Perkins Ltd,Kyle Watson,27195 Brian Rue,,Lake Amanda,CT,16993,3585730652,ihansen@henry.com,SW,HLT,T,R,9807.0,,,0,0,2014-12-30,2027-04-25,,H
100108,"Martin, Schmidt and Cole",Kimberly Gibson,209 Parsons Garden Suite 186,,New Felicia,WI,72782,9456511810,daniellee@duncan.info,WE,TEC,S,R,8244.0,,,2,0,2016-12-31,,,NSON
100109,Walker-Robbins,Thomas Rios,0586 Bauer Centers,,Allisonland,MP,40334,3811386338,xreese@ray.biz,SW,PRO,E,G,290151.0,,,0,1,,,,H
100110,Wagner-Sandoval,Lindsay Mahoney,556 Mckenzie Islands Apt. 983,,Cannonview,MN,59798,6004908240,andrew48@hawkins.com,SE,HLT,M,G,84600.0,,,0,1,1903-12-20,2016-05-08,,EM
100111,"Wright, Scott and Evans",Laura Robinson,572 Petersen Spurs,,New Dawnton,VA,76035,1055661390,floresannette@shaw-walker.com,MW,RET,T,I,4362.0,,,0,1,2026-12-30,,,EM
100112,"Johnston, Davis and Reynolds",Brittany Rogers,086 Miller Parkway Suite 227,Apt. 769,New Christina,WA,69215,3146591166,melvin04@huerta.info,MW,TEC,M,R,25371.0,,,2,1,,,,SON
100113,Gonzalez LLC,Nicholas Miller,92405 Kevin Mountains,Apt. 538,East Amy,WV,34403,9206980420,brian01@guerrero-alvarado.com,NE,MFG,S,R,16738.0,,,2,1,,,,NSON
100114,"Hughes, Whitney and Romero",Stephanie Washington,38780 John Pines,Suite 576,North Michael,MI,47081,3840460843,christopherreyes@salazar.com,WE,HLT,E,R,349690.0,,,2,0,2021-12-31,,,TH
100115,"Murphy, Daniels and Clark",Joshua Mcbride,8262 Lonnie Point,,East Lonnieberg,VA,04365,6647423122,catherine93@hall.info,WE,MFG,S,R,22086.0,,,1,0,2012-12-10,,,TH
100116,"Brooks, Christian and Henry",Corey Johnson,6333 Gregory Mill,Suite 573,Sullivanton,PA,96882,5699988081,aprilfoster@williams.com,SW,HLT,T,R,8267.0,,,1,0,2018-12-20,,,SON
100117,Murray-Henderson,Amy Black,7181 Kimberly Square,,South Robert,NV,03766,7937145211,millspatrick@salazar.com,WE,HOS,E,R,299703.0,,,2,0,,,,EM
100118,"Huffman, Martin and Thomas",Amber Parker,2123 Cindy Glen Apt. 777,Apt. 973,New Donna,NH,54260,1990384983,delgadobenjamin@estrada.com,NE,HOS,S,R,12045.0,,,1,1,1923-12-21,,,NSON
100119,Martin LLC,Melissa Larson,9501 Morris Light,,Port Ronaldside,CA,38883,2145868339,webbhaley@mitchell.net,NE,TRN,S,R,13352.0,,,0,0,2023-12-30,,,WN
100120,"Hart, Stone and Welch",Christopher Lynch DDS,10713 Gutierrez Isle,Suite 830,Lake Juan,WY,09392,4885015569,markmorgan@mendoza.com,NE,FIN,E,R,487341.0,,,2,1,1920-12-31,,,EM
100121,"Huang, Ford and Olsen",Amy Meyer,803 Marsh Underpass Suite 124,,West Tonyaside,MP,22254,2914504617,javier42@brooks.com,NE,FIN,T,R,7929.0,,,2,0,,1919-10-07,,NSON
100122,Stein-Moore,John Russo,2182 Jenny Mount Suite 810,,Sarahland,MA,61695,1840943533,kendra14@moore.com,SE,PRO,M,R,39184.0,,,0,0,,1920-09-28,,NSON
100123,"Bell, Flores and Thomas",Diane Sanchez,9587 David Mountains,Apt. 160,South Philipshire,SC,90957,9545381792,pcollins@miranda.com,WE,ENR,S,R,23243.0,,,0,0,,2018-09-16,,H
100124,White-Stark,Scott Nguyen,17157 Singleton Haven Suite 992,,South Lisaville,MD,73396,4876963938,petersonlisa@reynolds.com,MW,TRN,M,R,48777.0,,,2,1,1905-12-31,,,SON
100125,Stevenson Ltd,Katelyn Vargas,8172 Blanchard Cliff Apt. 965,Suite 013,New Rebecca,SC,00525,2784699733,samantha65@aguilar.net,NE,HOS,S,R,18757.0,,,2,0,2028-12-30,,,H
100126,Santana-Faulkner,Justin Irwin,0369 Garrett Station,Suite 666,Lake Glenn,DC,25172,5624220102,taylorlinda@english-dominguez.biz,WE,HLT,M,R,45392.0,,,1,0,2025-12-30,2008-03-19,,TH
100127,Cruz-Perez,Adam Jimenez,846 Johnson Camp,,Bushville,OR,63616,2847818913,chloe58@harrison.info,SW,ENR,M,R,60804.0,,,1,0,2004-12-30,,,WN
100128,Roberts-Johnson,Nicole Acosta,79290 Lamb Road Apt. 471,,New Chase,WY,36919,2944401929,josehaynes@white-rose.com,WE,PRO,M,R,65425.0,,,1,0,2024-12-20,,,TH
100129,Monroe Group,Cynthia Alexander,95041 Gary Locks,,Turnerside,IN,50282,7428604765,stephanie69@garrison.com,SE,TEC,E,R,251753.0,,,0,0,2029-12-11,,,WN
100130,"Curry, Navarro and Chapman",George Vaughn,8001 Robert Pine,,Lake Seanbury,VA,37633,3009109391,nicholasgallagher@knight.com,SE,HOS,M,R,71421.0,,,1,0,2011-12-20,,,WN
100131,"Chavez, Carney and Hammond",Mary Carrillo,14066 Ferrell Green Suite 271,Suite 396,Lake Travis,FL,71362,3917410119,ohernandez@fitzpatrick.biz,MW,ENR,E,R,312034.0,,,2,1,1929-12-30,2028-05-09,,WN
100132,"Smith, Zimmerman and Wise",Jared Luna,306 Martinez Plain,,Mathewport,MO,07735,5851743280,omosley@howard.com,WE,PRO,E,R,289715.0,,,2,0,2027-12-30,2020-10-10,,WN
100133,"Allen, Price and Sparks",Kathryn Hanna,05050 Wilson Valley Suite 829,,North Benjamin,FL,64581,7903202041,meyersdaniel@larson-gilbert.com,SW,CON,S,R,12260.0,,,2,0,,2016-09-15,,H
100134,"Gregory, Nguyen and Daugherty",Brenda Copeland,92511 Thomas Mall,,Lake Mitchell,GA,57997,9021962071,mannbrittney@butler-aguirre.info,MW,TRN,M,R,44358.0,,,2,0,,2023-07-24,,SON
100135,"Cole, Allen and Thompson",Linda Love,456 Angela Fields,Apt. 819,Michelleside,NY,29241,3403127722,jason45@trujillo.com,NE,TEC,S,G,21191.0,,,2,0,,,,WN
100136,Robertson-Jones,Jeremy Riley,53153 Joel Loop Apt. 631,Suite 970,Thomasmouth,HI,51269,2735435209,yorkstephen@wolf.com,WE,TRN,S,R,15359.0,,,2,0,2031-12-31,,,H
100137,"Whitehead, Lane and Tran",Jason Boyd,774 Jessica Street,,East Mark,OR,29652,9060078068,fsimpson@mullins.com,NE,TRN,M,R,65685.0,,,2,0,2003-12-20,,,NSON
100138,Smith Ltd,Michael Hodge,7262 Sims Squares,Apt. 165,West Ronaldview,UT,80782,1950850165,michael81@fletcher.com,NE,ENR,E,R,301579.0,,,2,0,2013-12-30,,,H
100139,"Pitts, Warner and Mullins",Erica Hurst,0155 Tucker Pine Apt. 788,,Shannonstad,AS,88752,3711624112,nhernandez@crane.net,WE,RET,T,R,8792.0,,,2,0,,,,NSON
100140,"Newman, Carter and Brown",Crystal Meza,9557 Ellis Port Apt. 424,,South Nathan,LA,06703,5472928422,williamsleslie@alexander.com,SE,MFG,T,R,8172.0,,,1,0,2031-12-20,2023-08-07,,NSON
100141,Hernandez-West,Kimberly Martinez,7275 Adam Streets,,Deborahport,NJ,38489,9751702814,seandavis@franklin.org,SW,TRN,M,R,31863.0,,,2,0,2031-12-30,,,H
100142,Johnson PLC,Megan Rosario,75998 Rebekah Lake Suite 265,,Watsonport,MI,46553,7813767426,thomaskevin@hatfield.biz,WE,TEC,M,R,43537.0,,,2,0,2013-12-20,,,H
100143,Thompson-Murray,Suzanne Gonzalez,8704 Snyder Streets Suite 300,,West Kevin,SC,83936,1462730147,qcunningham@jennings.com,NE,CON,M,R,68054.0,,,2,1,1907-12-31,,,H
100144,Perkins and Sons,Shawn Taylor,45650 Carter Route,Apt. 832,New Karenside,MD,41947,4518952028,kpeterson@robinson.com,NE,FIN,T,R,1298.0,,,2,0,,,,NSON
100145,"Guerra, Fox and Patel",Nicole Wilson,12075 Vazquez Dam Suite 985,,Lake Kevin,WA,16045,2234232161,gwilliams@mcguire.org,SE,TEC,T,R,5846.0,,,1,1,1916-12-11,,,H
100146,Turner Inc,Rachel Mora,325 Christopher Vista,,Stacystad,MI,21545,8911908334,glasssamantha@wells.com,MW,ENR,T,R,7172.0,,,0,1,2015-12-10,,,EM
100147,Palmer Group,William Martinez,275 Hawkins Canyon,,West Tristanfurt,LA,60393,7386463175,sandersalexandra@miller.org,SW,MFG,S,R,12783.0,,,1,0,,,,WN
100148,Brown and Sons,Kurt Ewing,67499 Avila Unions,,Kellyfurt,NM,67533,2711477320,lgregory@jacobs-murphy.com,SW,RET,M,R,99766.0,,,2,0,,,,WN
100149,"Saunders, Sparks and Harris",Katherine Green,800 Beard Crest Suite 756,,Stevenston,HI,73464,2762467197,kalvarez@brown.biz,SE,RET,S,R,9535.0,,,0,0,2021-12-30,,,NSON
100150,Brown-Garza,Jacob Pacheco,561 Reed Knolls,,Bellbury,IA,31253,9114152085,sadams@chapman-odom.biz,WE,HLT,S,R,10253.0,,,2,1,,,,WN
100151,Garcia-Leonard,Jonathan Hubbard,94563 Reid Turnpike Apt. 834,Suite 049,Ballardland,VT,76285,9541987635,ryan85@perry.org,SW,TRN,E,G,317525.0,,,0,0,2012-12-21,,,WN
100152,Burton PLC,Laura Lewis,8969 Alexa Lakes Suite 232,,Meganchester,MD,08945,6442493631,lauracollins@castro-graham.com,NE,TRN,T,G,6493.0,,,1,1,1905-12-20,,,WN
100153,Hopkins-Thompson,Tracey Tucker,15941 Mosley Skyway,,South Sherryberg,IA,15172,8984713915,selenarobinson@thompson.info,SW,PRO,S,R,7596.0,,,0,0,2005-12-20,,,EM
100154,"Brooks, Fry and Stewart",Michael Richmond,7540 Mckenzie Shore,,Lake Samanthabury,KS,72948,4518376064,jason27@stewart.com,SW,HLT,T,R,4893.0,,,0,0,2031-12-10,,,H
100155,Ruiz-Gutierrez,Michelle Mcdowell,48156 Chavez Burgs,,Lake Darlenemouth,WY,84531,634591123,usparks@mendoza-moss.com,NE,PRO,S,R,5538.0,,,2,0,2025-12-21,,,TH
100156,Gonzalez-Perry,Shawn Duffy,08931 Gonzalez Squares,,North Richard,NE,79195,2152910867,jamesatkins@roberts-snyder.com,SW,TEC,S,R,7805.0,,,1,0,2027-12-21,,,EM
100157,Acosta-Lopez,Ricky Johnson,97359 Miller Mountains Apt. 563,,Ericksonview,CA,12989,537599004,tiffany52@williams.info,NE,FIN,S,R,6426.0,,,0,1,,,,TH
100158,Page-Hamilton,Erik Good,5644 Black Mews Apt. 572,,Brownberg,AR,30629,742761707,uvasquez@martinez.com,SE,HLT,M,R,68583.0,,,0,0,,,,H
100159,"Carson, Elliott and Alvarado",Zachary Smith,1371 Johnson Springs,Apt. 659,Port Marcustown,CO,60824,7490509759,marcus01@crane.com,SW,PRO,M,R,42675.0,,,0,0,2021-12-11,,,TH
100160,Phelps and Sons,James Holland,47649 Michael Court,,Williamfort,NV,51368,4996165926,teresa32@rose-holland.com,SE,MFG,M,R,65642.0,,,1,0,2009-12-20,,,NSON
100161,Evans-Joyce,Elizabeth Wright,9081 William Pass Suite 617,,Michaelshire,CO,66488,1722601645,matthew23@miller.com,MW,TRN,E,R,125063.0,,,2,0,,,,NSON
100162,Foster Inc,John Holt,9956 Miller Dale Apt. 310,,Port Anthony,NJ,85517,3683147276,joannewallace@ruiz-heath.org,SW,FIN,S,R,11121.0,,,1,0,2022-12-20,,,EM
100163,Williams-Smith,Michelle Petty,998 Johnson Locks Suite 899,,Hallton,NC,02993,9581467179,martinjessica@cooper-hall.com,SW,HLT,M,R,48652.0,,,2,0,2014-12-31,2025-01-12,,H
100164,"Sandoval, Anderson and Carter",Toni Whitaker,2934 Elizabeth Curve Apt. 329,,Garciachester,NM,40301,3800545228,owilson@hoffman.com,SW,TEC,M,R,71077.0,,,2,1,,2025-06-03,,NSON
100165,"Adams, Hernandez and Vaughn",Maureen Mccarthy,1199 Madison Canyon Apt. 213,,Ericport,VT,58371,1255213760,william14@espinoza-perry.com,NE,HLT,S,R,18310.0,,,2,0,2015-12-21,,,SON
100166,Taylor Group,Jason Ellis,72081 Matthew Locks Apt. 606,,Lake Sandraberg,MH,75809,8466845504,ngriffin@weber.com,WE,PRO,T,R,2101.0,,,1,0,,2005-03-16,,WN
100167,Ibarra Inc,George Hardy,843 William Inlet,,Katherineburgh,AK,04156,3468105485,vevans@chavez.org,SE,PRO,T,G,7095.0,,,1,0,2015-12-30,2003-01-17,,EM
100168,"Richard, Hall and Evans",Robin Armstrong,683 Mark Prairie,,Port Kimberly,NH,13344,6611062737,hchapman@wiggins-silva.biz,MW,RET,M,G,28396.0,,,1,1,,,,EM
100169,"Mcpherson, Colon and Thomas",Michael Anderson,377 Julie Points,Suite 196,North Mikeport,AZ,69022,1545447022,pamela32@burns.com,SW,RET,M,I,62431.0,,,2,1,2009-12-31,,,TH
100170,Harrington-Alvarez,Lisa Gill,7251 Hughes Locks Suite 807,Suite 120,Annville,SD,73816,3989098378,suzannehill@sanchez.org,SW,HLT,S,R,15472.0,,,1,1,1923-12-30,,,NSON
100171,Chapman-Henry,Gina White,564 Danny Courts,Apt. 422,Kaylaberg,ME,53883,952004615,nicholas10@allen.org,SE,TRN,T,R,2988.0,,,1,1,2003-12-20,,,WN
100172,Adams LLC,Jason Washington,304 John Point Apt. 496,,Millerhaven,IL,19161,8238687007,brownsandra@harper-franco.biz,MW,PRO,E,R,389221.0,,,1,0,,2030-02-13,,NSON
100173,"Campbell, Martin and Ferguson",Brandon Hale,846 Cheryl Unions,Suite 547,Johnmouth,MA,28107,9502097002,ymedina@curtis.info,SW,HOS,M,R,78665.0,,,0,1,2004-12-30,2021-10-24,,TH
100174,"Howard, Thompson and Tate",Alejandra Ford,0304 Lee Via,,Lindseybury,IN,65225,479303614,andreakeller@chambers.org,MW,TEC,S,R,23065.0,,,2,0,2027-12-21,1922-12-27,,EM
100175,"Foley, Ibarra and Daniel",Ryan Johnson,870 Davidson Run Apt. 566,,Davidhaven,NH,65456,8030468750,beardlindsey@perez.com,NE,HOS,T,R,3697.0,,,0,1,2021-12-11,1906-03-27,,NSON
100176,"Davis, Castillo and Morton",Lori Cook,17350 Stone Freeway Apt. 997,,Lake Seanville,CO,08455,6512070496,phillipspatrick@williamson.com,MW,HLT,T,R,5496.0,,,0,0,,,,TH
100177,Reyes-Pope,Lisa Morgan,8593 Curtis Ranch,,New Kristineborough,MH,75633,8456797232,breanna85@silva-weaver.com,WE,TEC,S,R,24829.0,,,1,1,2021-12-20,,,TH
100178,Cordova-Holmes,Brianna Young,5333 Matthew Shores,Suite 795,Christinachester,MA,21771,7073033793,lharris@cox.com,WE,CON,E,R,399964.0,,,1,0,2014-12-10,2024-09-27,,H
100179,Welch LLC,Allen Gonzalez,42583 James Fall,,Reneetown,MP,89296,6153473552,wilsonnicole@norton.net,MW,PRO,S,R,18306.0,,,1,0,2021-12-20,,,SON
100180,"Sanchez, Williams and Jensen",Joseph Clarke,04289 Clark Common Suite 912,,Potterhaven,MN,65851,2558777496,patriciahayes@foster.biz,SE,TRN,S,R,15242.0,,,1,1,,,,WN
100181,Scott-Miller,Elizabeth Stone,078 Simmons Mountain,,Ortizfort,MD,36286,273415148,sara11@ward.com,WE,HLT,M,R,86141.0,,,2,1,1928-12-30,,,TH
100182,"Ochoa, Sutton and Hill",Yolanda Murillo,44566 Thomas Passage Apt. 633,Apt. 738,Sharpmouth,MA,11756,3663778052,porterdonna@morgan-barnes.biz,WE,FIN,E,R,183728.0,,,0,1,,,,SON
100183,"Johnson, Floyd and Weeks",Troy Rivera,3618 Lopez Coves Suite 974,,East Damonside,HI,04703,231643348,april25@myers-mayo.com,WE,PRO,S,R,15110.0,,,1,0,2030-12-30,,,EM
100184,Anderson and Sons,Robert Ortega,949 Wayne Spur,,Hilltown,FL,58923,6938597779,treed@myers-colon.com,WE,TRN,S,R,14219.0,,,0,0,2013-12-20,,,H
100185,Ellis-Bartlett,Keith Long,24841 Regina Loop,,West Charlesville,NY,43232,7243807017,randysmith@fletcher.com,NE,FIN,S,R,13666.0,,,1,1,2014-12-31,2030-02-07,,WN
100186,Kelley and Sons,Jessica Ruiz,20912 Martinez Streets Suite 210,,Ericstad,HI,28900,8370816470,pwang@kerr-gonzalez.com,MW,HOS,E,R,302558.0,,,1,0,2011-12-21,,,EM
100187,Frazier Inc,Stephen Robles,206 Lisa Islands,,New Jamie,ND,52282,1331552065,qrobinson@santos-wood.com,NE,FIN,S,R,16111.0,,,1,0,,,,EM
100188,Bird-Garcia,Wanda Jefferson,1956 Martin Roads,,Tiffanyfort,CA,44423,9976838903,joel63@miller.com,NE,TEC,S,R,20523.0,,,2,0,2013-12-21,,,SON
100189,"George, Bautista and Stevenson",Donald Schneider,640 Melanie Isle,,Johnside,AR,87664,3968527017,shawnamartinez@watkins.com,SE,FIN,M,I,64221.0,,,0,0,2013-12-20,,,WN
100190,Griffith and Sons,Larry Turner,347 Stephanie Lake Suite 627,,Hendersonchester,WV,20932,661498282,shawn68@castillo.com,NE,TRN,S,R,8591.0,,,1,0,2017-12-20,2028-08-26,,H
100191,"Cross, Brooks and Sullivan",James Harmon,4916 Victoria Crossing Suite 923,,Kruegerstad,NY,93447,5066337050,jblackburn@wright-lane.com,WE,PRO,T,R,4728.0,,,0,0,,,,H
100192,Sanders-Willis,Kelly Lopez,64488 Willis Street Suite 119,Suite 243,Haletown,GA,64952,1168646225,hwhite@bradley-lewis.com,SW,TEC,S,R,12936.0,,,2,0,2010-12-20,,,SON
100193,Bird-Savage,Thomas Rodriguez,41614 Matthew Prairie,,South Todd,WV,13714,409013806,vkennedy@jordan.com,SE,FIN,E,R,315155.0,,,2,0,,2006-10-16,,H
100194,Bishop-Hester,Renee Smith,209 Misty Harbors Apt. 579,Suite 863,Lake Susanmouth,AK,83571,573976915,mcarter@thomas.net,WE,RET,S,R,20675.0,,,2,0,2031-12-20,,,EM
100195,"Davies, Archer and Owens",Tina Olson,32116 Ethan Islands,,Mirandabury,VA,34268,1287153991,ostokes@wilson-miller.com,MW,ENR,M,R,57311.0,,,0,0,2002-12-20,2012-04-19,,NSON
100196,Berry and Sons,Tiffany Ray,0983 Whitney Island,Suite 289,North Randall,ND,60873,2437729420,hillmelanie@mendoza.biz,SW,TRN,S,R,23366.0,,,0,1,1911-12-10,,,EM
100197,"Clark, Oconnor and Cochran",Amy Grimes,6420 Rogers Springs,Suite 566,New Jessicaport,UT,26072,1259047292,jasonbrock@moss.com,MW,TEC,M,R,62700.0,,,0,0,2005-12-31,,,NSON
100198,Bennett Group,Carol Brown,2018 Watkins Drive Suite 301,,South Tracy,UT,78640,6176475011,andrewberry@mendoza.org,WE,CON,S,G,13900.0,,,2,0,2013-12-20,,,SON
100199,Evans-Martinez,Miguel Atkins,0688 Brown Villages,,Port Karenville,HI,79026,875102932,millerdavid@cox-stephens.biz,WE,RET,M,R,31880.0,,,2,0,,2006-08-17,,TH
100200,Shah PLC,Elaine Ferguson,758 Obrien Pass,,Lake Corey,GU,06364,324329839,qjones@james-mckee.biz,WE,TEC,S,R,20587.0,,,0,1,2010-12-21,,,NSON
100201,"Thomas, Harris and Soto",Mark Brewer,892 Underwood Island Suite 609,,North Joseph,ND,14917,1515542340,ylynn@thompson.com,NE,ENR,M,R,29888.0,,,2,0,2011-12-31,,,TH
100202,Graves-Grimes,Lisa Mosley,6258 Woods Crossroad,,Alberthaven,VT,20881,2694053967,rshaw@meyer-higgins.com,SW,TEC,T,G,5742.0,,,0,0,2010-12-11,,,TH
100203,Townsend-Bruce,Angela Allen,90148 Stokes Branch,,Rhodesberg,NJ,65749,6093068538,roconnell@mckee.com,SW,HOS,T,R,3198.0,,,2,1,2009-12-31,,,NSON
100204,Jackson-Booker,Michael Decker,4744 Aaron Roads,,Robinsonport,SD,68072,7970509754,pamela26@smith-jordan.com,MW,TEC,M,R,69185.0,,,1,0,2002-12-10,,,SON
100205,Gentry Inc,Matthew Perez,4562 Rodriguez Mill Suite 225,,Smithborough,DE,25347,266502374,tmarsh@nguyen.net,SW,FIN,S,R,7842.0,,,0,0,2006-12-31,,,SON
100206,Rodriguez Inc,Beth Cooper,305 Bray Street,Apt. 674,Toddchester,IA,81452,8234143637,jacobbond@walters.com,NE,CON,S,R,19638.0,,,2,0,2010-12-30,,,H
100207,Jensen Inc,Jamie Warren,56708 Schneider Hollow,,West Michaelstad,VT,55298,5020005347,flopez@cook-rodriguez.com,MW,RET,S,R,8873.0,,,0,0,2030-12-30,,,EM
100208,Figueroa-Ward,Kendra Watson,96112 Blake Shoal Apt. 371,Apt. 895,Jessicaborough,ND,94973,236848557,gbarnes@jackson.com,MW,HLT,T,R,5833.0,,,0,0,2014-12-11,,,SON
100209,"Lee, Olsen and Simpson",Kayla Jones,686 Lawson Ford Apt. 029,,New Heather,FM,67714,8844344812,kellybowman@ho-nelson.com,WE,TRN,S,R,22997.0,,,0,0,2005-12-30,,,SON
100210,"Wilson, Wong and Chen",Erika Potts,269 Nguyen Centers Apt. 534,,West Teresa,ND,86656,6498373543,uhall@richardson-barrera.com,WE,HLT,S,R,22307.0,,,2,0,2008-12-30,,,TH
100211,Lopez Group,Catherine Campbell,26931 Charles Gardens Suite 618,Apt. 091,Cruzville,GU,02277,2314290018,timothyhart@ochoa-parker.info,SE,ENR,S,R,10391.0,,,2,0,2030-12-21,,,H
100212,"Stephens, Smith and Williams",Ashley Tanner,03036 Hernandez Shoal Suite 361,,Jacksonville,IN,13835,5195151092,carol62@mcdaniel.com,NE,HOS,M,R,32292.0,,,2,0,2027-12-21,,,EM
100213,Cochran-Dawson,Aaron Fitzpatrick,252 Griffin Underpass,,Briggsville,OK,56528,2152265576,devon36@dunn-ryan.info,MW,MFG,E,R,101580.0,,,1,0,2010-12-30,,,WN
100214,"Espinoza, Rose and Frank",Colleen Miller,30587 Samantha Circle Suite 524,,Thomasside,PW,55692,3302126065,woodsbrittney@johnson.com,NE,HLT,M,I,86875.0,,,1,0,2025-12-10,,,SON
100215,Hernandez-White,Nicole Hale,6570 Rodriguez Circle Apt. 928,Apt. 066,Spencerview,PW,75482,3624186236,vwhite@jacobs.info,SW,TRN,S,I,17533.0,,,1,1,1927-12-21,,,WN
100216,Brown LLC,Chloe Rodriguez,9503 Martin Coves,Apt. 390,Jacobborough,SC,04743,4199097005,karen68@edwards.com,WE,TEC,E,R,282331.0,,,2,0,,,,EM
100217,Mosley-Gordon,Patricia Johnson,9042 Faith Common Apt. 332,Apt. 889,Sethberg,MA,38622,9606339912,thomasmonica@dillon.info,NE,MFG,M,I,85686.0,,,0,0,2012-12-01,2012-06-29,,SON
100218,Jones PLC,Brandon White,7472 Teresa Oval Apt. 546,,Vincentberg,NV,48569,5168740903,robertseric@nash-walker.info,SE,HLT,S,R,18737.0,,,2,1,,2011-06-28,,EM
100219,"Mccullough, Marshall and Miller",Sylvia Nielsen,65155 Lewis Streets Suite 147,,New Ericfort,FL,84415,5909605673,onelson@miller.com,NE,RET,E,R,310902.0,,,1,0,2018-12-21,,,TH
100220,Warren-Caldwell,Ronald Davis,4235 Olson Plain Apt. 659,Suite 089,North Jennifer,OR,81308,5502727516,iharding@cole.com,SE,ENR,M,R,67030.0,,,2,0,,,,H
100221,Burke and Sons,Tristan Bonilla,5044 Holly Run,,Gutierrezstad,MI,71603,8512765289,qmitchell@frazier.com,MW,MFG,S,R,24387.0,,,2,0,,,,WN
100222,"Smith, Randolph and Garcia",Loretta Gardner,904 Lewis Trail Suite 861,,Port Terrence,DE,46456,6605384444,bjohnson@gibbs.org,SW,HOS,E,R,318274.0,,,0,0,2018-12-11,,,EM
100223,Allen-Beltran,Matthew Poole,62658 Samuel Courts Apt. 819,Suite 482,Jamesland,AK,57834,9209819602,denisewalker@nichols.biz,MW,TEC,S,R,6888.0,,,1,1,,,,SON
100224,Burton Ltd,Dr. Ashley Ho,24421 Troy Lake,,South Craig,WY,03378,1713665722,wilsonmatthew@webb-mendez.net,MW,HLT,M,G,73637.0,,,1,0,2005-12-10,,,TH
100225,Lee Inc,Kelly Hodges,1305 Jeffrey Stream,,West Joshua,ID,12555,8477686342,silvakatie@martin-harris.info,WE,MFG,M,R,49662.0,,,0,1,2016-12-20,,,NSON
100226,Cabrera-Dean,Jessica Bradley,172 Susan Glen Suite 498,Suite 601,Port Marcus,WY,24869,3135525105,ubradley@hoffman.com,SE,RET,M,G,40376.0,,,1,1,2023-12-31,,,H
100227,Moran-Shah,Megan Berry,655 James Unions Suite 704,Suite 117,New Mark,MS,31489,4090742608,jonescody@cummings-hill.com,WE,TRN,M,R,74894.0,,,0,0,2017-12-20,2029-07-05,,NSON
100228,"Williams, Evans and Riggs",Martin Lozano PhD,30021 Callahan Stream,Suite 321,Lake Rachel,MN,70959,401041459,brandywilson@atkins-mullins.biz,SW,HLT,M,R,86537.0,,,1,0,2013-12-30,,,WN
100229,Lane Ltd,Douglas Barton MD,4158 Donna Street,Apt. 117,East Alexanderborough,NH,50971,7153988547,jefferycox@parrish-palmer.biz,SE,MFG,E,R,406200.0,,,1,0,2009-12-20,,,SON
100230,Lynn-Ray,Joel Rodriguez,07240 Stanley Mission,,Josephside,CO,46956,3268685074,bdennis@carter.com,SE,PRO,M,R,69245.0,,,0,0,2017-12-30,2005-02-23,,H
100231,Rodriguez-Williams,Brian Wilson,431 Joshua River,,Myersville,IN,96697,7323549401,sstevenson@jackson.com,SE,TRN,S,R,22909.0,,,1,0,2012-12-20,2006-05-21,,H
100232,Wade Group,Christopher Baker,09579 Tracy Gateway,,Rodrigueztown,OK,89636,3882211457,elizabeth45@smith-gomez.com,NE,MFG,T,R,7756.0,,,1,0,,,,H
100233,"Washington, Nelson and Stone",Brittany Jenkins,257 John Streets,,Howardland,ID,50017,4878245569,blakemeyer@flowers-martinez.info,SW,TRN,M,R,88334.0,,,2,0,2010-12-31,,,WN
100234,Montes Group,Bridget Becker,824 Roberts Union Suite 070,,West Margaret,DE,07473,4065004254,reevesdouglas@gonzalez.com,MW,HOS,E,I,108987.0,,,1,0,2018-12-10,,,SON
100235,"Walsh, Henderson and Rasmussen",Dean Turner,96592 John Mall Apt. 441,,Ashleymouth,ND,24535,6128758575,jmurray@bernard.com,SE,RET,M,R,94003.0,,,0,1,,,,WN
100236,Carpenter LLC,Joshua Cunningham,62607 Combs Corner Apt. 415,Apt. 497,Michelleville,WA,77127,3828723244,dannysmith@hobbs.com,SW,ENR,E,R,465552.0,,,1,0,2002-12-21,,,TH
100237,Howe LLC,William Wilkins,791 Thomas Brooks Apt. 232,Apt. 774,Elizabethshire,NM,48648,6617662047,carpenteraustin@barry.com,NE,HLT,S,R,17359.0,,,1,0,,,,SON
100238,Smith-Moore,Shannon Clark,122 Rios Port Suite 724,Suite 617,Estesburgh,OK,93365,2599599610,ortegavictor@alvarez.com,MW,ENR,E,I,149997.0,,,2,0,2030-12-20,,,H
100239,Campos-Fisher,Logan Wilson,5902 Rodriguez Mission,,Andersonshire,OH,26680,4774332683,harrislisa@ward.org,NE,HLT,T,R,5593.0,,,2,0,2004-12-31,1903-07-02,,TH
100240,"Rosario, Chandler and Rice",Daniel Carey,9821 Patterson Lane Apt. 912,,Craigfort,IN,07248,344651241,reginald08@snow.com,SW,HLT,T,R,4939.0,,,0,1,1908-12-30,,,WN
100241,Cook Inc,Joshua Gross,71990 Zavala Mall,,New Timothyberg,KY,95309,1078356743,amandadalton@sutton.biz,NE,HOS,S,R,16333.0,,,1,0,,,,TH
100242,Dunn-Wilson,Luis Berger,56033 Brianna Forks Suite 890,Apt. 301,East Samuelport,AZ,41674,9342967111,wthornton@wallace.com,WE,FIN,M,G,67778.0,,,1,0,,2020-01-04,,WN
100243,"Orozco, Flores and Weaver",Gregory Jenkins,1328 Kevin Plaza Apt. 152,,East Hollymouth,DE,03291,449641049,ccruz@harris.biz,SW,FIN,S,R,24197.0,,,2,0,2019-12-30,,,SON
100244,Pineda-Kent,Gabrielle Clayton,305 Glenn Tunnel Apt. 186,,Micheleside,NH,56053,2673204413,rjohnson@adams-king.org,SE,FIN,S,R,10055.0,,,0,0,,2027-09-17,,TH
100245,Abbott-Wallace,Adam Johnson,8360 Joshua Ridge Suite 172,,Katieview,KS,65372,3229031028,tranjeremy@braun.com,MW,HLT,T,R,4070.0,,,2,0,2026-12-30,,,WN
100246,Jones Group,Billy Harris,616 Thomas Islands Suite 565,,Dunlapport,RI,04584,5042901935,shelby69@sandoval.biz,WE,HLT,M,R,67523.0,,,0,1,,,,TH
100247,Cunningham PLC,Morgan Ryan,097 Stewart Fields,,Rhondamouth,IA,47944,7513765158,cjacobs@hall-carey.com,SE,ENR,S,R,17475.0,,,2,1,,2003-09-06,,WN
100248,"Richards, Taylor and Green",Erik Miller,297 Rachel Wells Suite 021,,Bakerside,VT,62086,2060212886,pterry@carter.com,MW,FIN,M,R,35082.0,,,2,1,,,,H
100249,Jones LLC,Susan Mccoy,7229 Edwin Avenue Suite 765,,Thompsonshire,KY,13201,4750988986,katherine20@khan.com,SW,HLT,S,R,5221.0,,,2,1,,,,NSON
100250,Martin-Roberts,Mr. Christopher Crosby,134 Cody Plaza Apt. 090,,North Tracy,GU,03879,3496782741,ibaker@dennis-wilson.com,WE,TEC,S,R,24766.0,,,0,0,,,,WN
100251,Murphy PLC,Jesse Moss,506 Sarah Underpass,,Jamesside,TN,82562,329633472,david18@curry.net,SW,ENR,T,R,6339.0,,,0,1,2014-12-30,,,NSON
100252,"Baker, James and Silva",Kari Sandoval,3477 Harper Plains,,Phillipsbury,DE,99455,6753612751,flarsen@jenkins.net,WE,HOS,M,R,97102.0,,,0,0,2014-12-10,,,H
100253,"Ingram, Green and Stewart",Jeremy Ross,7350 West Forges,Apt. 831,Davidside,AK,95164,6155810835,oheath@solis-lozano.com,NE,FIN,M,R,43242.0,,,1,0,2020-12-21,,,H
100254,Johnson Inc,Kelsey Mason,24403 Arthur Summit Apt. 662,,Michelleland,CA,66628,89219639,turnerstephen@baker.org,SW,ENR,S,R,18133.0,,,0,1,2010-12-21,2008-10-14,,NSON
100255,Hoffman-Webb,Kim Sanchez,6581 Walker Burg,Suite 375,Hartport,MA,19345,1823793126,briansnyder@collins-morgan.com,WE,HLT,S,R,13134.0,,,0,0,,,,EM
100256,Adams and Sons,Rebecca Gardner,357 Robertson Walks Apt. 161,,Martineztown,GA,68650,2371067287,hsmith@forbes-cortez.com,SW,TRN,T,G,8052.0,,,1,1,2025-12-30,,,EM
100257,"Martin, Roberts and Cohen",Tiffany Watson,7352 Alice Village Suite 056,,East Thomas,AL,41374,3187510979,michaelsmith@hill.org,WE,RET,S,R,17816.0,,,1,0,2012-12-31,2029-04-15,,EM
100258,Hoffman-May,Kevin Garcia,2491 Laura Radial,Suite 599,Tammyfort,IL,22534,3319222705,ecoleman@turner-wolf.com,SW,HLT,M,R,36253.0,,,2,0,2012-12-31,,,NSON
100259,Kelly-Roberson,Blake Jacobs,42687 Neal Glen,,New Rachelstad,HI,03816,7563983652,alicia09@murphy-bartlett.com,SE,HOS,M,R,87411.0,,,1,0,2026-12-30,2003-09-19,,NSON
100260,"Hill, Mendoza and Williams",Dawn Garrett,797 Thompson Summit,,North Mikeberg,VT,96995,2161070518,cookemily@hurst-jackson.org,NE,MFG,E,R,439722.0,,,1,0,2004-12-31,2022-07-16,,H
100261,"Powell, Monroe and Caldwell",Roger Mason,27049 Haley Lodge Apt. 044,,Davidmouth,OK,91765,9711121259,danastevens@harding.com,SE,TRN,M,R,85562.0,,,0,0,2020-12-31,1924-08-27,,SON
100262,Mccarthy-Thompson,Ethan Perez,3244 Baker Overpass,,Bethstad,WI,84626,2096289365,christopher34@mcdonald.com,NE,ENR,S,R,19731.0,,,1,0,2010-12-30,,,SON
100263,Willis-Watson,Kevin Johnson,502 Alvarez Junction,Apt. 254,South Amy,WV,03351,9799667345,oevans@rodriguez.org,NE,ENR,M,R,95371.0,,,1,0,2025-12-21,2009-09-13,,TH
100264,Tanner-Sanford,Christina Compton,50142 Ellis Expressway,Suite 023,West Kyle,HI,31458,6132850725,ehale@bennett.com,WE,TRN,M,R,76451.0,,,1,0,2031-12-21,2016-08-24,,EM
100265,Mejia-Villanueva,Monica Coleman,157 Jeffrey Rest Apt. 355,,Waltertown,RI,79035,1327303461,thernandez@leonard-castillo.com,MW,ENR,M,R,42556.0,,,2,1,,,,SON
100266,"Holmes, Rodriguez and Drake",Nicholas Rios,25298 Parks Branch Suite 660,,Ronaldville,PA,59518,7585126861,james97@williams-campbell.com,SW,FIN,M,R,75293.0,,,0,0,,,,H
100267,"Parks, King and Rogers",Robert Daniels,5607 Evans Camp,Apt. 508,Wrightland,ND,12896,2764579389,nathan29@little.com,SE,HOS,T,R,5732.0,,,0,0,2026-12-11,2014-06-25,,EM
100268,Johnson-Clements,Matthew Andrade,39449 Heather Causeway Suite 973,,Hillburgh,KY,66241,9624406306,ogeorge@davis-walker.com,NE,PRO,E,R,301297.0,,,1,0,2001-12-11,,,H
100269,"Wilcox, Matthews and Walters",James Spears,5557 Steven Summit,Suite 382,Scottton,TN,75384,7851385445,colleenjackson@cunningham-perry.com,SW,PRO,S,R,23526.0,,,2,0,,,,TH
100270,Brooks PLC,Lawrence Atkinson,3319 White Estate,,Piercestad,WV,29042,9455158886,cmitchell@bradshaw.biz,SE,PRO,M,R,89921.0,,,2,0,2020-12-30,,,EM
100271,Douglas-Vega,Kevin Barnes,3093 Chelsea Parkway Apt. 996,,West Chelseaburgh,OK,82485,1509688327,mgiles@anderson-brown.com,NE,PRO,S,R,18931.0,,,1,0,2006-12-11,,,SON
100272,"Wallace, Allen and Thompson",Martin Lara,37100 Camacho Mountains Suite 164,Apt. 980,Castilloton,LA,52719,5687611249,jdouglas@pope.com,SW,CON,M,R,36401.0,,,0,1,2007-12-10,,,SON
100273,"Vasquez, Sanchez and Green",Jeremy Cobb,490 Earl Heights Apt. 359,Suite 442,Thomasmouth,TX,39151,2294643039,greenjennifer@berg.com,MW,ENR,M,R,46755.0,,,0,0,,,,TH
100274,"Edwards, Brooks and Grimes",Mr. Joseph Thompson,15343 Edward Rest Apt. 357,,Hudsontown,MP,98314,3506158148,griffinalexandra@scott.com,WE,HOS,S,R,14589.0,,,1,1,,,,EM
100275,"Love, Thompson and Krause",Donald Paul,84033 Brenda Prairie,,Marshallside,FM,07196,1371717318,aevans@jordan.info,NE,TEC,T,G,7743.0,,,0,1,,,,SON
100276,"Campos, Gay and King",Devin Welch,784 Baker Place Apt. 548,,Connieville,WV,24379,587722164,jamesrodriguez@lewis.com,SE,TRN,S,R,17868.0,,,2,0,2020-12-30,2012-06-04,,H
100277,Pennington-Clark,Erica Lee,29258 Valdez Turnpike Suite 434,,Michaelport,MN,19504,5557469660,debbie27@smith-bush.com,NE,FIN,S,R,14116.0,,,0,0,2017-12-30,,,EM
100278,Morris Group,Justin Gonzalez,874 Charles Estates,Suite 797,Port Donnafort,IA,37219,105485741,tiffany62@lawrence.com,NE,PRO,E,R,465580.0,,,2,0,2017-12-31,,,WN
100279,"Farmer, Green and Schmidt",Alex Barton,557 Jack Mountain,,South Michael,ID,89324,4902166670,allen60@marks.com,SE,PRO,M,R,62171.0,,,1,0,2027-12-30,,,WN
100280,"Davis, Grant and Rodriguez",Jose York,316 Owens Streets Apt. 512,Suite 786,South Autumntown,RI,51612,356243958,patricia92@mejia.com,NE,MFG,S,R,20059.0,,,2,0,2010-12-21,,,WN
100281,Chan PLC,Benjamin Harrell,334 Roger Groves,Apt. 350,South David,MS,03833,3607763369,martinjason@yang-howard.com,SW,RET,S,I,9322.0,,,1,1,2028-12-30,,,NSON
100282,"Ward, Scott and Rodriguez",Adam Lara,55416 Perez Squares Apt. 670,,Jessicamouth,AZ,18947,2902822700,christina26@thompson.com,NE,TRN,E,R,440216.0,,,0,0,2005-12-31,,,H
100283,Buchanan Inc,Mr. Mario Stout III,05070 Robin Cape Suite 982,,North Alexis,MH,29690,6117768729,qlam@morris.com,NE,HLT,S,R,20624.0,,,0,1,,,,H
100284,Goodman-Christian,Daniel Anderson,11649 John Glen,,Lake Donna,MA,93622,9889425652,bauertiffany@thomas.com,MW,HLT,S,I,18838.0,,,0,0,2011-12-10,,,TH
100285,Mathews-Lopez,Tricia Sullivan,9487 Julie Shoal,,Matthewburgh,KS,45194,8715841560,theresagreer@pierce.com,MW,TRN,S,R,9493.0,,,1,1,,,,SON
100286,Burch PLC,Robert Blackwell,30358 Anna Pines,,Port Amandaside,IN,91424,5212932896,hphillips@english-mcdonald.com,NE,HOS,S,R,24998.0,,,1,0,,,,H
100287,"Peters, Collins and Leblanc",Tina Brown,27236 Debbie Lock Apt. 351,Apt. 426,Lake Jodiberg,IL,58615,4501848197,weaverchelsea@jones.com,WE,PRO,S,R,7840.0,,,0,0,,,,H
100288,Rodriguez-Owens,Sherri Holt,3811 Allen Vista Suite 660,Apt. 444,Robertview,MI,11392,1739739641,qobrien@williams-rodriguez.com,MW,TEC,M,R,36042.0,,,0,0,2016-12-30,2013-05-13,,EM
100289,Carpenter-Fletcher,Robin Higgins,7798 Shelby Via,Suite 039,North Crystal,MA,13451,6074555347,kayla23@townsend.biz,NE,CON,M,R,91784.0,,,2,0,,,,TH
100290,Gates-Cook,Natalie Huff,4116 Howell Route,Apt. 634,Bellmouth,MH,47878,2501394884,emontgomery@davis.org,SE,PRO,S,R,12899.0,,,0,0,,2020-11-27,,TH
100291,Baldwin PLC,Casey Cruz,915 Scott Canyon Apt. 824,Apt. 733,East Scott,AS,28808,430977688,melaniecarpenter@johnston.com,SE,FIN,T,R,7895.0,,,2,0,,,,WN
100292,Reynolds-Diaz,Cynthia Fernandez,253 Colin Tunnel,Suite 851,Lake Michael,UT,85037,7490797796,dhansen@woods-mccarthy.com,NE,ENR,T,R,5295.0,,,2,0,,,,WN
100293,"King, Mosley and Johnson",Jessica Duran,3748 Rivera Port,,Thomasside,TX,77423,905911918,tinaayala@houston.info,WE,FIN,S,R,18181.0,,,2,0,,,,SON
100294,Berry-Rush,Jason Horton,2145 Jasmine Glen,,Davisview,MO,26794,5157184090,jacksontamara@smith.org,WE,RET,M,I,45365.0,,,0,0,2009-12-30,,,H
100295,Fields Group,Daniel Reed,592 Mccarthy Trail,,New Eduardo,GU,58841,9081441529,jlee@mora.net,SW,RET,S,R,7825.0,,,2,1,,2022-09-03,,TH
100296,"Spencer, Morgan and Diaz",Robert Lopez,50791 Elizabeth Islands Suite 834,Suite 273,Sherylchester,MO,57535,1707158796,rosebobby@parker.org,SE,HLT,M,R,42984.0,,,2,1,,,,EM
100297,"Johnson, Rasmussen and Cruz",Joshua Colon,882 Maldonado Cape Apt. 172,Apt. 513,Clarktown,AZ,50503,1403526356,christyscott@becker-mckinney.com,MW,TEC,S,R,13806.0,,,2,0,2015-12-21,,,WN
100298,Ortiz-Smith,Jamie Kirby,4906 Heather Mission,,Lake Hannah,CA,84072,1271285246,melissa41@foster.com,WE,HLT,M,R,91949.0,,,2,0,2012-12-31,1915-09-17,,SON
100299,Harrison Inc,Andrew Hughes,136 Kim Divide,,Harperton,TN,66511,3509025425,sjames@brown.info,NE,ENR,M,R,40117.0,,,0,0,,,,TH
100300,"Rice, Hawkins and Thomas",Amy Cohen,809 Jennifer Islands Suite 021,,North Patrick,OK,08157,9130981079,vcole@vega.com,SW,TEC,M,R,29635.0,,,2,0,2028-12-30,,,H
100301,Gibson LLC,Dustin Simon,2506 Thomas Mount Suite 836,Apt. 536,Stephensonmouth,VA,59786,6755562833,stacydaniel@cox.biz,WE,TRN,M,R,31903.0,,,1,0,2004-12-21,1925-11-10,,TH
100302,Rodriguez-Pearson,Ross Hampton,33582 Giles Meadows Apt. 703,,Bradleyburgh,KY,98277,6932657327,lowekristin@smith.com,SW,CON,T,R,6090.0,,,1,0,,,,NSON
100303,Manning and Sons,Austin Hanson,775 Keith Courts Apt. 226,,New Reneechester,GA,74119,4312710267,willisvanessa@galvan-richards.com,MW,ENR,M,R,73270.0,,,2,0,2024-12-30,,,H
100304,"Knight, Blackwell and Huerta",Andrea Taylor,621 Suzanne Islands Suite 159,Suite 099,Freystad,PR,33624,8480752034,billy71@arnold-anderson.org,SE,TEC,T,R,7718.0,,,1,0,2010-12-10,,,H
100305,Conway Group,Michael Nelson,5866 Anderson Key Suite 837,Suite 417,Port Elizabethmouth,VI,67189,213125129,sharpjill@berg-williamson.com,NE,FIN,T,R,6038.0,,,1,0,2002-12-30,,,WN
100306,"Marks, Hartman and Rodriguez",Michael Gonzalez,11063 Brendan Common,,Floreshaven,ID,62897,7927490728,josehumphrey@kaufman.com,SE,CON,S,R,12584.0,,,2,1,2001-12-30,,,H
100307,Martin Ltd,Elizabeth Gutierrez,64538 Diana Springs Suite 421,,North Troyton,RI,99545,1701595919,judy75@evans-burns.net,SE,FIN,E,R,397701.0,,,2,0,,,,SON
100308,Vazquez Group,Joel Mclean,7722 Barnes Burg Apt. 562,Suite 506,East Brittany,HI,28942,672453076,jeremy79@porter.info,SW,TRN,M,R,60645.0,,,1,1,,2025-02-17,,EM
100309,Benton Ltd,Dylan Young,67042 Mccoy Spur Suite 919,,New Julian,VA,49437,5971075633,jbuchanan@ray-rivera.com,SW,PRO,M,R,40825.0,,,2,1,,,,NSON
100310,"Maddox, Perez and Watkins",Robert Burns,58162 Miller Overpass Suite 941,Suite 634,West Melanie,AR,62595,3055978245,madisonbrewer@jacobs.com,NE,TEC,S,R,14968.0,,,2,0,2027-12-31,,,SON
100311,Henderson-Cardenas,Dean Thomas,61572 Garrett Point,,New Sean,MD,14623,7439742925,angela52@decker-brooks.com,MW,FIN,E,R,455039.0,,,0,1,2010-12-30,,,TH
100312,Austin-Hodges,Erica Avila,027 Sara Dam,Apt. 182,North Karen,MI,44824,6517680866,shanewilson@perez-brown.net,WE,HOS,T,R,8570.0,,,1,0,2006-12-10,,,TH
100313,Williams-Robinson,Christian Harrell,6608 Vasquez Skyway Suite 810,Apt. 903,New Travis,MI,92490,9582632809,william23@scott.biz,SE,TEC,E,R,310020.0,,,2,0,2004-12-20,,,TH
100314,"Faulkner, Powers and Carrillo",Brian Hughes,339 Whitaker Spring,,New Lisa,MN,61289,3943804032,dcortez@guzman-martin.info,NE,MFG,S,I,11479.0,,,0,0,2004-12-20,,,NSON
100315,"Mathews, Wright and Jensen",Sarah Harvey,0476 Colton Land,Apt. 365,West Roberttown,ME,05087,4247310720,lkane@grant.info,NE,TEC,M,G,81774.0,,,2,0,2010-12-20,,,WN
100316,Gregory-Johnson,Ronald Gutierrez DVM,144 Harris Grove,,Lake Josephborough,IA,90898,96873045,ihoover@brooks.net,SE,CON,M,R,44481.0,,,0,1,2007-12-30,,,H
100317,Thompson-Morales,Gregory Carter,865 Miller Glen Apt. 557,,Molinaburgh,FM,06105,8295829236,stonebarbara@michael-ortega.com,WE,PRO,M,R,61670.0,,,2,0,,2022-07-12,,EM
100318,Wilson-Dennis,Kimberly Foster,95613 Moore Square Apt. 081,Suite 214,Port Richard,GU,27927,3000413211,qduffy@smith-harper.com,WE,MFG,M,I,72069.0,,,2,0,2002-12-30,2002-05-12,,EM
100319,"Gillespie, Reid and Watkins",Vanessa Porter,47681 Barker River Suite 706,,South Katherineland,NJ,33551,1317653970,arobinson@smith.org,SE,MFG,S,R,12176.0,,,1,0,,,,TH
100320,Jones-White,Karl Solis,9187 Rachel Hill,,North Kelly,MA,56433,2137730626,matthewvega@perez-wallace.com,MW,ENR,S,I,10230.0,,,2,1,1928-12-30,,,EM
100321,"Hart, Kim and Richardson",Alicia Warren,816 Johnson Mews Suite 111,Suite 576,East David,GA,11822,3785847129,halldylan@francis.com,NE,RET,S,R,17727.0,,,2,0,2016-12-30,,,SON
100322,"Wade, Richards and Smith",Breanna Mccall,37773 Gerald Plaza Apt. 228,,Port Kathleen,NJ,67791,9236534606,leejessica@myers-obrien.com,MW,ENR,M,R,71095.0,,,0,0,2018-12-31,,,WN
100323,"Oneal, Lucas and Campos",Kyle Roberts,9061 Janet Trail,,Port Darlene,MN,36858,4754895478,taylordavis@hester-patel.org,NE,HLT,S,R,24715.0,,,1,1,2011-12-31,,,NSON
100324,Baxter-Wheeler,Timothy Nguyen,354 Margaret Path,,Ramirezchester,TN,86892,9243588537,hardynancy@wright.com,SE,TRN,T,R,6301.0,,,0,1,2030-12-10,,,SON
100325,Myers Ltd,Keith Medina,9141 Li Lock,Apt. 134,Gibsonside,OR,36819,3406791766,davidwolf@williams.com,MW,HLT,S,R,17962.0,,,1,0,2015-12-11,2025-03-03,,SON
100326,Frost Ltd,Andrew Keller,15944 Allen Forges,,Sarahstad,MP,31481,895326389,lisa11@bruce.com,SW,TRN,S,R,23414.0,,,0,0,2011-12-20,,,SON
100327,Ramirez Inc,Eric Riley,3311 Marquez Mills Apt. 696,Apt. 843,Kimhaven,MA,42716,7896793521,uclark@sullivan-wright.com,MW,TEC,M,R,25235.0,,,0,0,,,,EM
100328,Parks PLC,Michael Chavez,9556 Travis Stream,,Blankenshipland,NE,33914,3454722398,wernermichael@davis.com,WE,RET,E,R,154583.0,,,2,0,,,,SON
100329,"Frederick, Chavez and Carter",Diana Moon,4281 Monica River,,New Diamondburgh,LA,72320,6230391114,xtran@white.com,NE,TRN,M,R,59761.0,,,0,1,2012-12-20,,,NSON
100330,Mason Inc,Christopher Harrison,95947 Spencer Station,Apt. 329,North Tonyaberg,AL,38145,8768868785,alexandra62@hodge.com,NE,FIN,S,R,18751.0,,,1,0,2003-12-30,,,WN
100331,"Strong, Reyes and Evans",John Christensen,2792 Sanders Divide,,East Rebeccaview,NM,52830,7537260321,steven66@george.net,SW,ENR,M,R,54567.0,,,1,0,2029-12-30,,,TH
100332,Jones-Rivera,Jonathon Smith,84008 Crystal Landing,,South Richardmouth,MI,81997,4508917768,lutzeric@rivera-klein.com,NE,HLT,M,R,74212.0,,,2,1,2013-12-30,,,TH
100333,"Reyes, Foster and Williams",Troy Lee,2689 Mooney Fords,Apt. 120,Jessicaland,IN,61882,7117595749,alison98@ramirez.com,SW,MFG,M,R,46626.0,,,0,1,,,,SON
100334,"Turner, Kaufman and Esparza",Kevin Solis,28333 Stein Courts Suite 666,,Kerrybury,GA,82166,1506662670,joe76@lewis.com,WE,HOS,T,R,5612.0,,,1,0,2003-12-30,2012-08-31,,EM
100335,Watkins-Castaneda,Bradley Mclaughlin,671 Victoria Alley,,Thompsonberg,LA,48573,9102451091,kristineprince@rodriguez-watkins.org,NE,TRN,S,R,7871.0,,,0,0,,2018-12-23,,WN
100336,Brown PLC,Brooke Parsons,9340 Phelps Shores,,Lake Thomas,NV,47523,4663453372,matthewsdavid@bolton.com,SE,CON,M,I,87071.0,,,1,1,,,,WN
100337,Riley-Higgins,Bryan Newman,370 Moore Fields Suite 100,,Perryfort,NH,86789,5725659202,vhutchinson@williams.com,WE,FIN,T,R,7249.0,,,1,0,2004-12-30,,,WN
100338,Le Group,Adam Ward,550 Timothy Views Apt. 325,,Alyssahaven,OR,80777,6079848704,wellsnatalie@sloan-lynch.com,MW,ENR,S,R,8168.0,,,1,0,,,,WN
100339,Evans-Pearson,Dave Strong,4083 Jeffrey View Suite 360,,Williamsland,AS,36366,849079388,vcastro@gardner.com,WE,MFG,T,R,9561.0,,,0,1,2014-12-30,2013-09-15,,WN
100340,Smith-Anderson,Deanna Sandoval,2632 Davis Heights Suite 881,,East Morgantown,IA,09149,2175188781,kellychristopher@hughes.net,MW,HLT,S,R,6137.0,,,2,0,,2001-01-10,,SON
100341,"Brock, Mcguire and Miller",Charles Martin,5056 Garcia Passage,,Lewisborough,RI,84057,9137876553,adamkelly@peck.com,SE,RET,T,R,7936.0,,,2,1,,,,H
100342,Wheeler PLC,Leslie Kennedy,90534 Carter Walks Apt. 042,,Lisaberg,KY,45057,1851744600,kanesarah@greene.com,MW,HLT,M,R,97923.0,,,0,0,2030-12-31,2015-10-16,,EM
100343,"Lewis, Mcbride and Hall",Ryan Pierce,898 Escobar Shoals,Suite 160,Samanthachester,CO,86732,4021190170,bakerbrittany@jacobson.com,WE,ENR,S,R,18749.0,,,0,0,2007-12-30,,,EM
100344,"Burnett, Ruiz and Daniel",Oscar Short,0849 Travis Freeway,Apt. 639,Leehaven,LA,45624,6969443916,levinerichard@francis.com,NE,HLT,S,R,8309.0,,,2,0,2020-12-31,,,WN
100345,"Wright, Dawson and Hall",Anthony Jones,34190 Jennifer Village Apt. 615,,South Drew,VA,85430,5566847323,tracyavery@williams-smith.info,WE,ENR,M,R,47570.0,,,1,1,2007-12-20,,,H
100346,"Ellis, Roberts and Gutierrez",Brenda Ramirez,78197 Turner Fork Suite 347,,Nelsonfort,IN,57927,376388214,nelsondominique@francis-smith.org,MW,RET,S,R,20571.0,,,2,0,,,,NSON
100347,Pacheco-Todd,Kristi Austin,780 Susan Islands,Suite 950,Leeville,VA,40653,4493699951,pamelanguyen@kelly-blake.net,NE,RET,M,R,83079.0,,,2,0,2021-12-30,,,H
100348,Norris Inc,Breanna Jenkins,76811 Higgins Forges,,East Nathan,AZ,34115,9614973153,kylie83@alvarez.net,SW,PRO,E,R,296036.0,,,2,1,2019-12-30,,,NSON
100349,Montoya-Robinson,Gary Davis,406 Michael Terrace,,Hawkinsburgh,AK,97350,9043223023,steven73@taylor.com,WE,ENR,S,R,11316.0,,,2,0,2004-12-30,2006-04-08,,WN
100350,"Reynolds, Watts and Bass",James Jackson,261 Kathy Forest,,East Robertchester,IN,92210,4888995729,ncoleman@ramirez-green.com,SE,CON,E,R,343384.0,,,2,0,,,,H
100351,Sullivan Group,Julie Davis,203 Ann Locks,,North April,ND,30883,3089813881,greenmartin@clayton.biz,WE,PRO,E,R,348817.0,,,2,0,2020-12-31,,,NSON
100352,Hale Inc,Lori Jones,572 Haney Junction,,North Kathytown,WI,87648,152911371,cobbkaitlyn@johnson.biz,MW,MFG,S,R,10338.0,,,0,0,2023-12-30,2028-05-31,,H
100353,Goodwin-Green,Robert Burke,7812 Madison Heights Apt. 567,,New Ryantown,AZ,79040,436551584,phart@hernandez-adams.com,WE,MFG,M,R,26166.0,,,1,0,,,,EM
100354,Underwood-Glover,Andrew Klein,63369 Montgomery Turnpike Apt. 982,,North Bruce,AS,06659,6481880442,zacharygray@rice.biz,WE,CON,S,R,14023.0,,,0,0,2024-12-10,,,WN
100355,"Ross, Gregory and Barber",Maria Estrada,4203 Avila Curve Suite 863,,West Susanview,CO,61051,6462554026,kellychung@johnson.biz,WE,ENR,M,R,38410.0,,,0,0,,,,NSON
100356,"Wagner, Hull and Ingram",Isabella Hawkins,5279 Emily Junctions,,West Gloriaton,PR,38692,3335384951,davisjennifer@fox-griffith.com,MW,CON,S,R,20785.0,,,1,0,2031-12-30,2025-10-19,,NSON
100357,"Davis, Shelton and Vasquez",Mathew Key,0119 Chang Islands,,Davishaven,PR,53873,230091561,sancheznicholas@walsh-jimenez.com,MW,RET,T,R,4937.0,,,0,1,,,,EM
100358,Rangel-Khan,Jenna Lynch,01491 Monica Route Suite 184,,East Randy,NJ,45452,9263223998,vhill@jones-scott.com,SE,MFG,S,R,14686.0,,,2,1,,,,H
100359,"Herrera, Shepard and Williams",Alex Conner,6660 Darren Crossroad,Suite 003,New Nicolestad,MS,52645,627153123,rothwilliam@graham.info,WE,RET,E,R,474010.0,,,1,0,2024-12-30,2013-02-17,,WN
100360,"Barrera, Howell and Riggs",Donna Mccarty,48087 Matthew Freeway,,Royside,WA,69786,6033591015,romerovictoria@zimmerman.com,WE,CON,T,R,3967.0,,,2,0,,1929-11-12,,NSON
100361,Aguilar-Martin,Michelle Hanson,964 Davis Pike Suite 285,,Walshshire,IA,19759,9140849932,kellythomas@powell-castro.com,SE,TRN,S,R,12282.0,,,1,0,2003-12-21,2005-11-22,,WN
100362,Moore-Bowman,Jason Snow,34838 Mark Shore Suite 382,,Port Loriport,GU,00903,6129965082,ryanadams@reyes.com,MW,ENR,S,R,8859.0,,,2,1,,,,EM
100363,Garcia-Rivas,Pamela Aguirre,514 Kimberly Locks Apt. 394,,Connieton,PR,04361,7300869661,charlesbarnett@rogers.com,SE,HOS,T,R,7253.0,,,1,1,,1928-11-15,,SON
100364,"Ramirez, Carter and Obrien",Erica Chavez,839 May Road,,North Jessica,IN,84059,4077794620,mpowers@cooper.com,SW,ENR,M,R,84974.0,,,0,0,2031-12-31,,,TH
100365,Livingston-Leblanc,Ms. Tara Jones,68841 James Motorway Apt. 125,,Jenniferburgh,ID,45686,1781703211,wrodriguez@young-palmer.com,SE,TRN,S,R,5154.0,,,1,1,2022-12-20,,,SON
100366,Bennett-Lee,Steven Gardner,9029 Williams Way Suite 480,,South Joshuaton,IA,59711,4167812778,flowersdanielle@shannon-chapman.com,NE,TEC,S,R,19070.0,,,1,1,1931-12-20,2026-10-09,,TH
100367,Jackson-Payne,Katherine Simon,63831 Amy Island Suite 053,,Moyertown,NM,92620,6177067368,bennettdouglas@pittman.com,MW,MFG,E,R,496806.0,,,1,0,2007-12-31,,,H
100368,"Diaz, Waters and Ryan",Brian Baker,182 Tina Dam,,Ashleymouth,WV,78380,8984369984,patriciajohnson@yates-bean.com,MW,CON,S,R,17568.0,,,1,0,2004-12-31,,,NSON
100369,"Moran, King and Costa",Elizabeth Jacobs,145 Garrett Parkways,,Riverston,UT,86331,1523867673,xhill@stuart.info,WE,ENR,T,R,8105.0,,,2,1,2007-12-31,,,NSON
100370,Vincent PLC,Katie Higgins,58937 Krystal Place,,Erintown,MO,84852,3504056695,nunezgary@thompson.com,SW,MFG,S,R,9299.0,,,1,0,2025-12-20,,,SON
100371,"Long, Taylor and Serrano",Charlene Wright,894 Greer Forges,Apt. 891,Richardview,CO,90215,2857256292,matthewfranklin@wood.net,NE,FIN,M,R,58526.0,,,1,0,2004-12-10,,,TH
100372,Lynn Group,Tina Herring,95744 Adrian Inlet Apt. 891,,South Carolburgh,AR,26603,9340153641,murphymark@robinson.com,NE,FIN,S,R,9049.0,,,1,0,2010-12-30,,,H
100373,"Singleton, Warren and Allen",Samuel Williams,14105 Stephen Ridges Apt. 987,,New Jessicaberg,WV,63155,4523888562,ubutler@hunter.info,SW,HLT,S,R,13846.0,,,1,0,2030-12-20,2031-06-03,,EM
100374,"Morgan, Rogers and Yang",Kimberly Morgan,5942 Kevin Ridges Apt. 165,,East Sarahtown,FM,05665,2453931321,adammorgan@boyd.biz,NE,HLT,S,R,24955.0,,,0,0,2022-12-30,,,SON
100375,Mitchell-Meyer,Janice Harvey,73677 Day Drive Apt. 258,,West Keith,CA,69422,2812312392,brownjoanna@stone.com,SE,MFG,M,R,52222.0,,,0,0,2015-12-20,2020-03-26,,H
100376,Johnson-Martin,Joseph Miller,25775 Francis Lake Suite 726,,Port Ashley,AZ,43156,9187683160,brewergregory@mcdaniel-gonzalez.com,WE,PRO,E,R,147229.0,,,1,1,,,,NSON
100377,Nguyen and Sons,Tyler Browning,621 Lloyd Shoals,,Lake Kevinside,OH,19358,2553983584,dhardy@manning.biz,MW,CON,S,R,8270.0,,,2,1,2028-12-30,,,NSON
100378,Grimes-Lane,Kathleen Baldwin,79970 Ashley Mill,,East Brianbury,TN,78606,8713752988,burnettkaren@taylor.biz,NE,HLT,S,R,6503.0,,,1,1,,,,SON
100379,Thompson Inc,Julian Obrien,889 Bailey Fords Suite 852,Apt. 860,East Andreport,IA,51337,9951715239,kimberlyblair@curry.com,WE,CON,M,R,37183.0,,,0,0,2030-12-20,2009-01-10,,WN
100380,Brown and Sons,Laura Gay,97191 Raymond Roads,,Lake Edward,IL,21132,7672019111,robinwilliams@griffith.net,SW,PRO,S,R,10465.0,,,2,0,,,,SON
100381,"Francis, Lewis and Carter",James Clark,274 Edward Tunnel,Suite 211,Andrewside,TX,52246,5095229462,virginia56@cochran.com,SW,ENR,M,R,48758.0,,,0,1,,,,H
100382,"Reed, Maxwell and Silva",Paula Perez,24365 Fernandez Loaf Suite 230,Suite 120,South Sarah,NE,16637,9273874029,reynoldsmichelle@gutierrez.com,SE,PRO,T,G,2850.0,,,2,0,,,,H
100383,Peterson LLC,Caitlin Johns,40301 Christina Lodge,Suite 975,Orozcoport,RI,09005,7955462347,hhamilton@peters.net,WE,ENR,M,R,54358.0,,,2,1,2007-12-30,,,EM
100384,"Sparks, Spencer and Garcia",Phillip Davis,8080 Lisa Skyway,,Sethberg,OR,04496,5071380671,martinnovak@ward-schmidt.com,SE,PRO,E,R,454573.0,,,2,0,2021-12-30,,,EM
100385,Padilla Inc,Jeffrey Bailey,6694 Johnson Crest Apt. 533,,Mooremouth,KS,57841,6215918327,richard61@hanna-sims.com,NE,TEC,T,R,8688.0,,,1,0,,,,WN
100386,"Tucker, Mcdonald and Sloan",Paul Baker,819 Andrews Island,,Lake Whitney,CA,42007,499809497,pfowler@gonzalez.info,MW,MFG,M,R,97154.0,,,0,0,2026-12-30,,,WN
100387,"Brady, Garcia and Odonnell",Brittany Washington,7943 Mariah Track,,Samuelborough,WA,90794,9919701426,dwilliams@richard.com,NE,PRO,S,R,8889.0,,,1,0,2023-12-30,,,WN
100388,"Burton, Davis and Galvan",Terri Lloyd,9989 Lester Creek,,South Sydneyside,NY,82546,8018644822,ashleyalexander@brooks.com,NE,HLT,S,R,14981.0,,,1,1,,,,NSON
100389,Flores-Estrada,Catherine Lopez,9611 William Parks,,Laceychester,OH,66651,7697040953,brodriguez@snyder.com,SE,PRO,M,R,87014.0,,,0,0,2022-12-10,,,H
100390,"Tran, Walker and Sharp",Richard Stevens,40964 Reyes Gateway Suite 960,,Shawnport,FL,08989,285162259,aaronponce@adams.net,MW,HOS,M,R,38935.0,,,2,0,,2021-01-03,,H
100391,Taylor-Green,William Mullins,916 Cindy Circles Apt. 413,,New Paulabury,MI,87163,3613376052,angela16@chan-graves.com,MW,ENR,S,R,8956.0,,,0,0,2017-12-20,,,SON
100392,Thomas-Martinez,Evan Johnson,440 Morales Circles,,Camposfort,MH,98480,8249898088,collinmiller@gutierrez-abbott.com,SW,MFG,S,G,24294.0,,,2,0,,,,H
100393,Sims-Valentine,Lisa Ryan,969 Collins Parkways,,Bradleyland,MD,45102,5011929207,bellchad@henderson.com,SW,MFG,S,R,6591.0,,,1,1,2019-12-20,,,EM
100394,"Aguirre, Clark and Edwards",Michael Martinez,5906 Smith Burg Suite 248,Suite 204,Lutzview,WY,97567,6760564204,vavila@stafford.com,WE,TEC,S,R,9206.0,,,2,0,,,,NSON
100395,"Trujillo, Johnson and Anderson",Jaclyn Lindsey,26540 Randy Isle Suite 300,,Martinburgh,DE,23426,4276774625,garciagregory@lucero.net,WE,RET,S,R,16234.0,,,0,1,,,,WN
100396,"Price, Brown and Hodges",Alexis Wells,7823 Gerald Ranch Suite 704,Suite 264,Lake Lisa,CA,19804,2038437536,murraymichael@jackson.com,WE,CON,S,R,22950.0,,,2,0,2011-12-30,,,H
100397,Gordon LLC,Paul Dodson,64454 Morgan Drive,,Port Nicole,DE,18843,2748979177,deanna27@johnson.net,MW,TRN,M,G,42389.0,,,1,1,1915-12-30,,,NSON
100398,Gomez-Smith,Rebecca Jones,04530 Lynch Turnpike Apt. 588,Apt. 493,Melanieport,AL,05188,8167784816,jonathan54@simmons-petersen.com,WE,PRO,S,R,18679.0,,,0,0,,,,TH
100399,Morrison-Robinson,Kristen Smith,91287 Sawyer Street Suite 999,,Mcneilhaven,NY,20817,4579271472,patrickmichelle@fernandez.com,SE,MFG,S,R,11550.0,,,2,0,2023-12-21,,,NSON
100400,"Perez, Cole and Boyd",Ricky Hernandez,870 Mora Estate,,East Zachary,NY,06972,2210102320,ymurray@williams.net,NE,CON,S,R,22733.0,,,2,0,,,,EM
100401,"Castillo, Hughes and Smith",Edward Watson,0384 Santos Row,Apt. 980,Hillside,SD,18622,5469510030,woodlisa@cisneros-chapman.info,SE,HOS,T,R,9370.0,,,2,0,,,,WN
100402,Graham Ltd,Derrick Jones,4113 Smith Mission Suite 169,Suite 970,West Kendraborough,NE,55510,4826899962,riceamber@peters.info,MW,HOS,M,R,57943.0,,,2,0,2025-12-31,,,WN
100403,"Jones, Johnson and Pratt",Jack Anthony,0932 Sherry Curve Suite 578,Apt. 604,New Melissashire,MN,18746,7558517774,paul21@weaver.net,MW,ENR,S,R,24771.0,,,2,0,2006-12-20,,,NSON
100404,Case-Graham,Charles Hahn,917 Lisa Greens Suite 421,Suite 457,West Ryanhaven,DC,00879,2570900163,stevensjason@ramirez.com,NE,TEC,S,G,21837.0,,,2,0,2019-12-30,,,EM
100405,"Mcclure, Ramirez and Brown",Mr. Thomas Black,473 Derek Manor,,South Shellyside,WY,49409,7105801195,gblackwell@miller.com,MW,MFG,M,R,45290.0,,,1,1,,,,TH
100406,Brown-Hudson,Andrew Jones,500 Scott Squares Apt. 894,,Hollybury,AS,85155,9876989365,sue16@davis.com,MW,PRO,S,R,23027.0,,,2,0,,,,EM
100407,"Miller, Winters and Swanson",David Williams,963 Casey Hill Apt. 574,,West Monica,FL,55639,6486067398,amyponce@mcbride-reyes.com,NE,HOS,M,R,96182.0,,,1,0,2010-12-20,,,SON
100408,Brown-Velasquez,Michele Long,551 Woodward Estate Apt. 920,,New Sharonmouth,CT,06072,4091311178,thomaslinda@dunlap.com,MW,RET,S,G,22383.0,,,0,0,2023-12-10,,,H
100409,Calhoun-Edwards,Debra Shepard,12275 Wiggins Circle,,East Michelleton,CO,42379,5325947950,cgarcia@lee.com,SW,RET,E,G,421756.0,,,2,0,,1921-04-08,,NSON
100410,Schneider-Mcintyre,Sandra Williams,9340 Hannah Prairie Apt. 045,Apt. 036,New Cherylport,CA,09939,9135992855,dwayne56@johnson.info,NE,FIN,M,R,62070.0,,,1,1,2016-12-30,2027-01-17,,NSON
100411,Duncan-Hahn,Kimberly Jones,774 Kimberly Garden Suite 842,,Lake James,PR,38377,9530067762,ethanbailey@jones.biz,SW,MFG,S,R,11308.0,,,2,0,2010-12-21,2016-04-15,,SON
100412,Rodriguez-Medina,Antonio Lopez,34511 Jo Bypass,Apt. 605,North Dana,ND,73348,8430211667,campbellerika@cook-walter.org,WE,MFG,T,R,4453.0,,,1,0,2002-12-30,,,TH
100413,"Valencia, Miller and Watkins",Jessica Jackson,36202 Wood Pike,Apt. 147,Wuberg,AL,58817,1523802362,gomezrenee@boyd.com,SW,HLT,M,R,45152.0,,,1,0,2001-12-31,,,TH
100414,Gordon and Sons,Evelyn Pierce,772 Patrick Path Apt. 053,,Nicholsborough,CA,72261,9289728454,garywebster@smith.net,MW,HOS,E,R,219351.0,,,1,0,2013-12-20,2017-05-14,,WN
100415,Taylor and Sons,Brandon Ramirez,328 Carl Lake Apt. 020,,North Cynthia,AR,36807,3227752135,butlerolivia@king-gonzalez.com,NE,HOS,S,R,7072.0,,,0,0,2011-12-20,,,EM
100416,Bryant-Kelly,Anne Medina,02916 Terry Lane,Apt. 298,North Sherry,AK,35060,8419662291,dsmith@sullivan-dyer.biz,MW,ENR,M,R,82367.0,,,0,1,,,,WN
100417,Reyes Ltd,Christian Hudson,5049 Maxwell Tunnel Suite 407,,Myersborough,TX,40631,3965049627,htaylor@phillips.com,SW,HOS,M,R,43884.0,,,1,0,2010-12-20,2010-05-31,,H
100418,"Cooper, Pena and Dominguez",Christian Shelton,799 Jodi Lodge,Apt. 341,Bakerborough,OH,44912,2472505833,lambjohn@mccarthy.net,NE,HOS,S,R,9632.0,,,0,0,2021-12-21,,,WN
100419,Wood-Owens,Sydney Elliott,5769 Griffith Roads Suite 353,Suite 597,Philliphaven,MS,08834,3421254508,william52@carlson-morris.com,MW,RET,S,R,16267.0,,,2,1,,,,EM
100420,Rodriguez and Sons,Sergio Hill,9142 Martinez Via,,Brianview,SD,71864,3261454307,rperez@johnson.com,WE,CON,M,R,48770.0,,,2,0,2029-12-31,,,EM
100421,Thomas Inc,Nicholas Griffin,2354 Ryan Parkways Suite 447,,North Tylerburgh,VI,85449,8652377729,dlopez@rodriguez.com,MW,HLT,S,R,11468.0,,,1,0,,,,H
100422,Cervantes PLC,Timothy Richardson,02722 Kyle Island,,Batesborough,DE,56261,9439136817,gonzalezcindy@fletcher-holmes.biz,WE,HLT,S,G,15413.0,,,1,0,2029-12-11,2025-10-12,,NSON
100423,Johnston Ltd,Rachel Cooper,533 Gary Route Suite 393,,North Justin,PR,62587,5323661850,arnoldstephen@lopez.com,WE,TRN,S,R,19034.0,,,1,1,,,,SON
100424,James Inc,Caleb Sanders,838 Janice Walks Suite 648,,Kimberlyfort,ID,43009,4223322280,wendy58@hodge.com,MW,TRN,S,R,15864.0,,,2,0,2014-12-21,2021-09-03,,NSON
100425,White-Beasley,Gail Watson MD,73118 Joseph Spur Suite 413,,South Elizabethbury,PR,73755,1852013626,uperez@sandoval-hughes.com,WE,HLT,S,R,9587.0,,,1,0,,,,TH
100426,King-Jones,Mark Jones,4119 Rivera Groves,Apt. 919,Vargasborough,OR,42580,8752070204,jonesmichelle@davis-daniel.com,WE,MFG,S,R,23969.0,,,0,0,2021-12-10,,,TH
100427,Walton Group,Lisa Ford,0987 Charles Meadow Suite 731,,East Samuel,MS,88968,7598897865,james91@carrillo.net,WE,PRO,S,R,9870.0,,,0,1,1924-12-30,,,EM
100428,Hall and Sons,Bryan Jones,7644 Marsh Haven,,Smithton,AL,18887,8764486764,fmclean@velasquez-cruz.com,SW,HOS,S,R,18001.0,,,2,0,2002-12-30,,,EM
100429,Johnson-Russell,Michael Harrison,649 Jensen Mountain,Suite 119,Derrickfurt,IN,42587,597025512,bcraig@young-miller.com,SE,PRO,S,R,23558.0,,,0,1,2018-12-30,,,NSON
100430,"Pittman, Hines and Carr",Douglas Sandoval,5443 Fletcher Turnpike,Apt. 491,Hudsonshire,IA,99195,4497439464,dustinwilliams@mason-anderson.info,SE,HLT,E,R,222693.0,,,1,1,,,,NSON
100431,"Day, Khan and Aguilar",Ariel Moore,720 Darius Neck,Apt. 754,Jameschester,MN,44630,9220300449,hernandezcheryl@brown.com,NE,MFG,M,I,67476.0,,,1,1,2002-12-20,2005-04-30,,NSON
100432,Cook-Long,Michael Myers,570 Arellano Common Apt. 145,,Jaimemouth,MO,51342,1138850342,arthurwright@ellis-white.biz,WE,ENR,S,R,17403.0,,,0,1,1927-12-10,,,TH
100433,"Hayes, Riley and Gordon",Rebecca Foster,85294 Mullins Causeway,,Port Desiree,SD,87357,7417430435,stacey22@lynch.com,SE,HOS,S,R,16306.0,,,1,0,2001-12-21,,,TH
100434,Gonzalez and Sons,Brittany Mcguire,02569 Jason Wells,,East Andrewborough,KS,54016,7116750762,karen53@brown.com,SE,RET,S,R,14201.0,,,2,0,2026-12-21,2001-02-14,,EM
100435,"Perkins, Hammond and Cabrera",Allen Nelson,28471 Christopher Stravenue,,East Dorothy,DC,38862,5076487177,deanmarisa@frost.biz,SE,FIN,S,R,8713.0,,,2,1,1903-12-30,,,EM
100436,Moore-Byrd,Gina Brennan,25909 Cruz Trace,Suite 482,South John,ID,59662,2121101878,vaguirre@williams.com,NE,RET,M,R,46119.0,,,1,0,2024-12-30,2020-10-08,,EM
100437,Steele-Yates,Linda Gomez,529 Moss Track Apt. 712,,East Rebecca,MS,98600,3387220542,nicholasflores@garza-lucas.com,SE,HOS,M,G,98872.0,,,2,0,,,,NSON
100438,"Velasquez, Harris and Roberts",Shawn Bass,878 Smith Mountain Apt. 205,,Cannonstad,CA,80727,3774926632,josephchavez@wells-norton.com,WE,PRO,T,R,3794.0,,,0,0,,2031-11-04,,EM
100439,Blackwell LLC,Brenda Jacobs,592 Brittany Crescent,,West Sandrachester,IL,06011,9559636372,elizabeth20@bennett-rogers.com,WE,CON,S,R,16228.0,,,0,0,2023-12-30,,,WN
100440,Davis-Harris,Matthew Wolf,49832 Lori Corner,,Port Edwin,MP,23162,5481582686,patricia19@schmidt.net,SE,HOS,M,R,91107.0,,,2,0,2003-12-30,2027-01-06,,SON
100441,Hood Ltd,Robert Thompson,8735 Parsons Loaf Suite 464,,New Ryanberg,IL,39323,1926221320,frank48@flynn.com,NE,HOS,S,R,8850.0,,,2,1,,,,EM
100442,"Barton, Graves and Rodriguez",Lucas Hernandez,999 Johnston Pine Apt. 283,,Lake Andreaton,IN,57122,6020005328,glopez@morris.com,SW,HOS,S,R,6423.0,,,2,1,,,,WN
100443,Pierce Inc,Kristen Martin,299 Brian Locks Suite 276,Apt. 328,Port Walter,MH,51011,3761851862,ryantorres@smith.com,WE,HLT,M,R,58360.0,,,2,0,2009-12-30,,,TH
100444,Love and Sons,Joshua Romero,2791 Nguyen Track,Apt. 677,Daviston,NE,99528,9208814319,hhuber@hull-neal.com,SW,CON,M,R,25932.0,,,0,0,,,,SON
100445,"Wright, Schwartz and Bell",Nicholas Smith DDS,665 Ferguson Track,,New Molly,OK,12848,5734989925,emily07@evans.com,MW,HLT,S,R,24181.0,,,2,0,2007-12-30,,,EM
100446,"Jenkins, Garza and Shea",Jeffrey Montgomery,80897 Parks Parks Suite 859,,Richardland,NY,25868,1673478536,osbornkelly@ferguson.org,SW,RET,M,R,98080.0,,,0,0,2026-12-10,,,WN
100447,Murphy and Sons,Stephen Johnson,70664 Andrew Plains Apt. 484,,Abigailbury,AL,73413,574883997,robert30@schaefer.com,MW,FIN,M,R,40608.0,,,2,0,,,,SON
100448,"Cooper, Myers and Shelton",Stephen Osborne,305 Carter Point Suite 937,,Ryanshire,AR,66384,187260013,hallsamantha@herring-king.org,MW,HOS,M,R,31822.0,,,0,1,2004-12-30,,,TH
100449,"Cooper, Henderson and Barrera",Thomas Martin,2215 Carr Mews,,Taylorchester,WI,23865,2190533470,tlester@roberts.com,WE,FIN,S,R,13620.0,,,1,0,2002-12-30,,,H
100450,Ferguson LLC,Ronald Montes,5312 Aaron Gateway Suite 221,Apt. 732,Simpsonchester,WI,35982,9585585229,jenniferedwards@wilson-shaw.info,WE,HOS,M,R,32531.0,,,0,0,2011-12-20,,,SON
100451,Hendricks-Rice,Heidi Greene,7447 Kathy Route Apt. 524,Suite 841,Wilsonshire,ME,92556,3449305378,davidrobinson@russo.com,WE,CON,T,R,9364.0,,,0,0,2011-12-10,2014-10-14,,NSON
100452,Simmons Inc,Katie Preston,2787 Alec Views,,Whiteland,MD,24295,7465353780,kellygina@carter.info,SE,HLT,M,I,77354.0,,,2,1,1911-12-21,2021-11-14,,SON
100453,Vargas Group,Ana Collins,2999 Oneal Roads,Suite 450,Lake Benjaminton,ND,78564,7390835211,rebecca24@hill-pace.net,NE,HLT,S,R,23321.0,,,2,0,2018-12-30,,,SON
100454,"Gilbert, Ellis and Wood",Thomas Watson,9582 Megan Center Apt. 217,,Simonland,GU,18544,8839717059,lisa43@crawford-russo.net,SW,ENR,S,R,10735.0,,,2,0,,,,EM
100455,Barber Ltd,Joseph Peterson,119 Chelsea Overpass Apt. 459,Apt. 099,Port Daniel,NH,76141,5528669335,webstersteven@smith.com,WE,CON,M,R,57786.0,,,0,0,2019-12-30,,,SON
100456,Johnston PLC,David Mathews,742 Bailey Gardens,Suite 090,Margaretville,PR,66336,450243736,wharris@taylor-gonzales.com,SW,PRO,S,R,5896.0,,,2,0,,,,H
100457,"Sanchez, Gomez and Lindsey",Adam Cook,1547 Christopher Isle Suite 639,,Carrollstad,MI,15664,6436902837,wyattamy@barajas-santos.biz,SE,TRN,S,R,16570.0,,,1,1,2026-12-11,,,NSON
100458,"Miller, Aguirre and Scott",Melanie Jones,753 Nichols Viaduct,,Robertview,AZ,49430,388027304,robertpeck@brennan.com,MW,HLT,E,R,193577.0,,,1,0,2025-12-21,,,EM
100459,"Stewart, Lewis and Smith",Robert Barnes,9092 William Track Suite 987,Suite 551,Port Marie,MA,70970,2717430688,kimberly03@valentine-garza.net,SE,PRO,M,R,55783.0,,,1,1,,,,SON
100460,Ramos-Burgess,Courtney Young,7704 Jesse Branch Apt. 915,Apt. 860,New David,DC,46203,2041231905,adamsjoshua@brown.info,MW,TEC,S,R,8928.0,,,0,1,1928-12-30,,,EM
100461,"Lewis, Nelson and Cuevas",Juan Jones,941 Douglas Harbor Suite 098,Suite 264,Harrisburgh,MN,10741,4224043261,johnsonkevin@reynolds.info,NE,PRO,E,R,265369.0,,,1,0,2003-12-10,,,EM
100462,"Jackson, Villa and Hernandez",Kristopher Chan,6219 Gonzalez Plains,,North Matthewfort,PA,41525,173259007,lopezkimberly@hayes.net,WE,CON,T,R,3101.0,,,1,0,,,,EM
100463,Wilkerson-Rios,Cody Johnson PhD,461 Rodriguez Expressway Apt. 707,,Kirkchester,AR,19467,4422521602,karina20@nelson.info,SE,PRO,E,I,466081.0,,,2,0,,2006-12-15,,TH
100464,"White, May and Gomez",Thomas Ruiz,794 Tara Springs,,West Stacy,GU,91208,9851602119,jacksonrussell@holder-warner.org,NE,TRN,S,R,13509.0,,,0,0,,2028-11-25,,WN
100465,"Patterson, Koch and Hooper",Beth Ford,88447 Johnson Summit,,South Lori,OH,12110,9074992164,philliphayden@anderson.com,SE,PRO,T,R,7866.0,,,0,1,2017-12-20,,,WN
100466,Blackburn-Williams,Danny Sheppard,4622 Gary Expressway Apt. 720,,Raventown,FM,27781,886346,salazaraaron@armstrong.com,WE,RET,M,R,60382.0,,,1,0,2017-12-20,,,SON
100467,"Friedman, Jefferson and Cruz",Lori Hoover,737 Singh River,Apt. 608,Kevinland,PR,72277,7463000998,gwilson@conley.com,SE,PRO,M,R,48148.0,,,0,0,2008-12-20,,,H
100468,"Peters, Wood and Green",Olivia Mccarty,03401 Harris Track Apt. 466,Apt. 756,Justinview,VI,53509,7201082402,samanthadelgado@griffin.com,SW,CON,S,R,23606.0,,,0,0,2007-12-10,,,TH
100469,"Reed, Eaton and Crawford",Summer Mcdonald,364 Stephanie Forges Suite 700,,Christopherville,WI,73903,8518161255,cwilson@marshall.com,NE,PRO,M,R,59048.0,,,0,0,2024-12-01,,,NSON
100470,Anderson and Sons,Judy Johnson,29615 David Shoal,,Staceystad,AL,65743,6534460422,patrick01@davis.com,MW,ENR,M,R,95574.0,,,0,0,,,,NSON
100471,Young-Grant,John Ortiz,51272 Chavez Alley,,Boonefurt,MI,92092,2241976878,fmcdonald@moore.com,SW,HLT,S,R,14388.0,,,2,0,2030-12-20,,,SON
100472,"Turner, Cunningham and Holder",Beth Edwards,40466 Stacey Drive Apt. 564,Suite 254,North Tara,TN,91066,4111973881,aaronbarnett@parker.org,SW,ENR,S,R,7337.0,,,0,0,,2023-03-16,,NSON
100473,Ramsey PLC,Laurie Barnes,6405 Lisa Cape,Apt. 125,Jamesview,CO,95686,3016049860,reevesdarlene@cruz.com,WE,FIN,S,R,19578.0,,,2,0,,,,WN
100474,"Clayton, Dean and Gaines",Brandon Hill,47131 Adkins Radial,,Gillside,MT,06476,6259084194,samantha11@mullen.com,NE,TEC,S,R,13245.0,,,1,1,2021-12-21,,,TH
100475,Livingston-Grant,Sara Mills,2790 Taylor Mall,Apt. 608,Port Christinaberg,DC,27082,4771837530,yoderadam@payne-nunez.net,WE,MFG,E,R,308148.0,,,0,0,2003-12-20,,,NSON
100476,"Johnson, Jackson and Scott",Cheyenne Tate,2216 Kristina Lights,,Arnoldmouth,KS,52721,675169139,brian16@colon-price.com,SW,CON,S,R,14311.0,,,2,0,2021-12-31,,,SON
100477,Krause Ltd,Deanna Casey,19839 Keith Walk Suite 813,,North Kevinville,WA,56217,530215167,richard33@parrish.com,MW,PRO,E,R,383421.0,,,0,1,1920-12-30,,,H
100478,Gilmore LLC,Jennifer Mack,8961 Kennedy Plaza,,Manuelville,DC,72067,7751239597,jordan60@burnett.biz,SW,ENR,S,R,22491.0,,,1,0,2025-12-10,,,SON
100479,"Kirby, Wood and Ramirez",Julie Johnson,1073 Margaret Mountain,,West Patrickview,WV,86004,8370317543,ephillips@gordon-nguyen.info,MW,FIN,S,R,14947.0,,,1,0,2023-12-30,,,SON
100480,Cook Group,Jennifer Hernandez,88407 Patterson Dale Apt. 763,,South Sonya,VI,93091,5386762592,alawson@benson.net,NE,PRO,M,G,87530.0,,,0,0,,,,NSON
100481,Benson LLC,Debbie Reed,892 Gonzalez Manor,Apt. 597,Lynntown,MD,25647,6707897755,willismichelle@guerra.com,WE,TRN,S,R,23368.0,,,0,1,2025-12-10,,,H
100482,Brady-Anderson,Catherine Mccarthy,271 Kathleen Village,Suite 576,South Danielburgh,AR,39105,9851448698,shelbyhouston@smith.com,SE,CON,S,R,12849.0,,,0,1,2002-12-01,,,NSON
100483,"Norton, Smith and Shea",Cathy Sanders,06801 Marshall Trace Apt. 316,Apt. 705,North Kellyborough,IL,24716,7244693172,jwerner@fernandez.com,SE,TEC,S,R,19920.0,,,1,0,,,,SON
100484,Moore LLC,Lisa Hatfield,93932 Haynes Trace Suite 281,,New David,MS,29626,496026676,angelatorres@chapman.org,WE,MFG,M,R,38405.0,,,1,0,,,,H
100485,"Smith, Villarreal and Graham",Jennifer Simpson,0208 Elizabeth Cove Apt. 902,,Port Christian,MN,39729,9044890932,jamiesmith@sanchez.com,NE,PRO,E,R,320328.0,,,0,0,2029-12-10,,,NSON
100486,Cooper-Mcpherson,Stephen Perez,5036 Neal Fords Apt. 332,Suite 362,Andersonside,AK,45959,1244129075,stephaniewilson@rasmussen.com,MW,HLT,S,R,9787.0,,,2,0,2017-12-20,,,EM
100487,Moore-Escobar,Kurt Camacho,375 Brenda Falls,,Griffinbury,CT,63627,3626475286,jacquelinezamora@martinez-stokes.com,MW,FIN,S,R,8996.0,,,1,1,2014-12-11,,,SON
100488,"Suarez, Barrera and Stewart",Antonio Martin,53550 Davis Fords,,North Bonnie,CT,39758,877972479,ericdavis@young.com,SW,HLT,S,R,11830.0,,,0,0,2011-12-30,,,NSON
100489,Fitzgerald Inc,Joshua Vasquez,6933 Katherine Radial Suite 515,Apt. 257,Susanview,AR,68627,8588382567,singhjoseph@martinez-silva.com,WE,HOS,M,R,88075.0,,,0,0,2024-12-20,,,H
100490,"Golden, Mclaughlin and Miller",Caroline Moore,0182 Daniel Shore,,Jacksonport,NV,23058,3942012234,brookefrench@park.info,SW,TRN,M,R,61188.0,,,2,0,2016-12-20,,,TH
100491,Clayton-Williams,Jessica Lopez,0039 Brendan Trace Apt. 933,,Kathrynside,RI,23784,2471193600,stevenhopkins@ross-ross.biz,WE,TEC,S,R,7932.0,,,0,0,,2013-07-27,,EM
100492,Myers and Sons,Michelle Gomez,537 James Manors,Apt. 762,Lake Daniel,VI,26483,1094416423,rachel41@gonzalez.biz,NE,MFG,M,R,45174.0,,,2,1,,,,EM
100493,Henderson Ltd,David Carter,6175 Garcia Plaza,Suite 017,East Kevin,HI,05898,4837444172,ynorman@mason.org,SW,RET,S,R,17378.0,,,1,0,2031-12-20,,,TH
100494,Howard LLC,Jacqueline Perez,8904 Thompson Path,,Grossview,CA,86069,953855742,manuellawrence@conley.org,MW,HOS,S,R,11218.0,,,2,1,,,,WN
100495,"Simmons, Torres and Mathis",Nancy Carter,844 Stephen Locks Suite 187,Suite 646,Andersonfurt,WV,31150,8154185899,salvarez@ray.com,WE,TEC,M,R,45319.0,,,0,0,2022-12-31,2028-09-04,,NSON
100496,Santos-Monroe,Dylan Young,0503 Sean Manors Apt. 306,Suite 730,Ruizville,OH,18279,2667941908,gmurphy@lowe-stokes.com,WE,FIN,S,R,5613.0,,,0,0,2017-12-20,,,H
100497,Torres and Sons,Melissa Oneill,0550 Duncan Dam Apt. 704,Suite 186,Johnsonfurt,IL,24987,1629073992,tracyhoffman@park-church.com,SW,RET,E,R,360859.0,,,1,1,,,,WN
100498,"Rocha, Smith and Henderson",Lisa Jackson,03983 Emily Freeway Suite 490,,West Michaelshire,RI,55360,692195873,susannelson@gaines.com,WE,HLT,S,R,9252.0,,,0,0,,2026-06-21,,WN
100499,"Gregory, Yang and Owens",Jennifer Shaw,6431 Ware Pines,,North Noahview,FM,76643,8150370170,brad03@palmer.com,SW,PRO,M,R,58546.0,,,2,0,2028-12-30,,,TH
